"HLTHCARE","GEO","UNIT","TIME","DURATION","ISCED11","Value"
"Blood pressure measurement","European Union - 27 countries (from 2020)","Percentage",2014,"Less than 1 year","All ISCED 2011 levels ",67.1
"Blood pressure measurement","European Union - 27 countries (from 2020)","Percentage",2014,"From 1 to 3 years","All ISCED 2011 levels ",19.2
"Blood pressure measurement","European Union - 27 countries (from 2020)","Percentage",2014,"From 3 to 5 years","All ISCED 2011 levels ",4.1
"Blood pressure measurement","European Union - 27 countries (from 2020)","Percentage",2014,"Less than 5 years","All ISCED 2011 levels ",90.4
"Blood pressure measurement","European Union - 27 countries (from 2020)","Percentage",2014,"5 years or over","All ISCED 2011 levels ",3.8
"Blood pressure measurement","European Union - 27 countries (from 2020)","Percentage",2014,"Never","All ISCED 2011 levels ",5.8
"Blood pressure measurement","European Union - 28 countries (2013-2020)","Percentage",2014,"Less than 1 year","All ISCED 2011 levels ",66.9
"Blood pressure measurement","European Union - 28 countries (2013-2020)","Percentage",2014,"From 1 to 3 years","All ISCED 2011 levels ",19.1
"Blood pressure measurement","European Union - 28 countries (2013-2020)","Percentage",2014,"From 3 to 5 years","All ISCED 2011 levels ",4.3
"Blood pressure measurement","European Union - 28 countries (2013-2020)","Percentage",2014,"Less than 5 years","All ISCED 2011 levels ",90.3
"Blood pressure measurement","European Union - 28 countries (2013-2020)","Percentage",2014,"5 years or over","All ISCED 2011 levels ",4
"Blood pressure measurement","European Union - 28 countries (2013-2020)","Percentage",2014,"Never","All ISCED 2011 levels ",5.7
"Blood pressure measurement","Bulgaria","Percentage",2014,"Less than 1 year","All ISCED 2011 levels ",64.4
"Blood pressure measurement","Bulgaria","Percentage",2014,"From 1 to 3 years","All ISCED 2011 levels ",21.3
"Blood pressure measurement","Bulgaria","Percentage",2014,"From 3 to 5 years","All ISCED 2011 levels ",3.5
"Blood pressure measurement","Bulgaria","Percentage",2014,"Less than 5 years","All ISCED 2011 levels ",89.2
"Blood pressure measurement","Bulgaria","Percentage",2014,"5 years or over","All ISCED 2011 levels ",2.9
"Blood pressure measurement","Bulgaria","Percentage",2014,"Never","All ISCED 2011 levels ",7.9
"Blood pressure measurement","Czechia","Percentage",2014,"Less than 1 year","All ISCED 2011 levels ",70.9
"Blood pressure measurement","Czechia","Percentage",2014,"From 1 to 3 years","All ISCED 2011 levels ",23.4
"Blood pressure measurement","Czechia","Percentage",2014,"From 3 to 5 years","All ISCED 2011 levels ",3.1
"Blood pressure measurement","Czechia","Percentage",2014,"Less than 5 years","All ISCED 2011 levels ",97.3
"Blood pressure measurement","Czechia","Percentage",2014,"5 years or over","All ISCED 2011 levels ",1.8
"Blood pressure measurement","Czechia","Percentage",2014,"Never","All ISCED 2011 levels ",0.9
"Blood pressure measurement","Denmark","Percentage",2014,"Less than 1 year","All ISCED 2011 levels ",53.5
"Blood pressure measurement","Denmark","Percentage",2014,"From 1 to 3 years","All ISCED 2011 levels ",24.9
"Blood pressure measurement","Denmark","Percentage",2014,"From 3 to 5 years","All ISCED 2011 levels ",7.6
"Blood pressure measurement","Denmark","Percentage",2014,"Less than 5 years","All ISCED 2011 levels ",85.9
"Blood pressure measurement","Denmark","Percentage",2014,"5 years or over","All ISCED 2011 levels ",7.8
"Blood pressure measurement","Denmark","Percentage",2014,"Never","All ISCED 2011 levels ",6.3
"Blood pressure measurement","Germany (until 1990 former territory of the FRG)","Percentage",2014,"Less than 1 year","All ISCED 2011 levels ",77.6
"Blood pressure measurement","Germany (until 1990 former territory of the FRG)","Percentage",2014,"From 1 to 3 years","All ISCED 2011 levels ",14.1
"Blood pressure measurement","Germany (until 1990 former territory of the FRG)","Percentage",2014,"From 3 to 5 years","All ISCED 2011 levels ",2.8
"Blood pressure measurement","Germany (until 1990 former territory of the FRG)","Percentage",2014,"Less than 5 years","All ISCED 2011 levels ",94.6
"Blood pressure measurement","Germany (until 1990 former territory of the FRG)","Percentage",2014,"5 years or over","All ISCED 2011 levels ",3.1
"Blood pressure measurement","Germany (until 1990 former territory of the FRG)","Percentage",2014,"Never","All ISCED 2011 levels ",2.3
"Blood pressure measurement","Estonia","Percentage",2014,"Less than 1 year","All ISCED 2011 levels ",67.6
"Blood pressure measurement","Estonia","Percentage",2014,"From 1 to 3 years","All ISCED 2011 levels ",20.1
"Blood pressure measurement","Estonia","Percentage",2014,"From 3 to 5 years","All ISCED 2011 levels ",6.9
"Blood pressure measurement","Estonia","Percentage",2014,"Less than 5 years","All ISCED 2011 levels ",94.7
"Blood pressure measurement","Estonia","Percentage",2014,"5 years or over","All ISCED 2011 levels ",4.2
"Blood pressure measurement","Estonia","Percentage",2014,"Never","All ISCED 2011 levels ",1.1
"Blood pressure measurement","Ireland","Percentage",2014,"Less than 1 year","All ISCED 2011 levels ",62.6
"Blood pressure measurement","Ireland","Percentage",2014,"From 1 to 3 years","All ISCED 2011 levels ",14.3
"Blood pressure measurement","Ireland","Percentage",2014,"From 3 to 5 years","All ISCED 2011 levels ",5.4
"Blood pressure measurement","Ireland","Percentage",2014,"Less than 5 years","All ISCED 2011 levels ",82.3
"Blood pressure measurement","Ireland","Percentage",2014,"5 years or over","All ISCED 2011 levels ",7.6
"Blood pressure measurement","Ireland","Percentage",2014,"Never","All ISCED 2011 levels ",10
"Blood pressure measurement","Greece","Percentage",2014,"Less than 1 year","All ISCED 2011 levels ",55.7
"Blood pressure measurement","Greece","Percentage",2014,"From 1 to 3 years","All ISCED 2011 levels ",20.1
"Blood pressure measurement","Greece","Percentage",2014,"From 3 to 5 years","All ISCED 2011 levels ",4.9
"Blood pressure measurement","Greece","Percentage",2014,"Less than 5 years","All ISCED 2011 levels ",80.7
"Blood pressure measurement","Greece","Percentage",2014,"5 years or over","All ISCED 2011 levels ",4.2
"Blood pressure measurement","Greece","Percentage",2014,"Never","All ISCED 2011 levels ",15.1
"Blood pressure measurement","Spain","Percentage",2014,"Less than 1 year","All ISCED 2011 levels ",68.7
"Blood pressure measurement","Spain","Percentage",2014,"From 1 to 3 years","All ISCED 2011 levels ",19
"Blood pressure measurement","Spain","Percentage",2014,"From 3 to 5 years","All ISCED 2011 levels ",3.3
"Blood pressure measurement","Spain","Percentage",2014,"Less than 5 years","All ISCED 2011 levels ",91
"Blood pressure measurement","Spain","Percentage",2014,"5 years or over","All ISCED 2011 levels ",3.3
"Blood pressure measurement","Spain","Percentage",2014,"Never","All ISCED 2011 levels ",5.7
"Blood pressure measurement","France","Percentage",2014,"Less than 1 year","All ISCED 2011 levels ",76.8
"Blood pressure measurement","France","Percentage",2014,"From 1 to 3 years","All ISCED 2011 levels ",13.2
"Blood pressure measurement","France","Percentage",2014,"From 3 to 5 years","All ISCED 2011 levels ",1.2
"Blood pressure measurement","France","Percentage",2014,"Less than 5 years","All ISCED 2011 levels ",91.1
"Blood pressure measurement","France","Percentage",2014,"5 years or over","All ISCED 2011 levels ",1.5
"Blood pressure measurement","France","Percentage",2014,"Never","All ISCED 2011 levels ",7.4
"Blood pressure measurement","Croatia","Percentage",2014,"Less than 1 year","All ISCED 2011 levels ",59.5
"Blood pressure measurement","Croatia","Percentage",2014,"From 1 to 3 years","All ISCED 2011 levels ",22.5
"Blood pressure measurement","Croatia","Percentage",2014,"From 3 to 5 years","All ISCED 2011 levels ",6.5
"Blood pressure measurement","Croatia","Percentage",2014,"Less than 5 years","All ISCED 2011 levels ",88.5
"Blood pressure measurement","Croatia","Percentage",2014,"5 years or over","All ISCED 2011 levels ",4.8
"Blood pressure measurement","Croatia","Percentage",2014,"Never","All ISCED 2011 levels ",6.8
"Blood pressure measurement","Italy","Percentage",2014,"Less than 1 year","All ISCED 2011 levels ",60
"Blood pressure measurement","Italy","Percentage",2014,"From 1 to 3 years","All ISCED 2011 levels ",21.1
"Blood pressure measurement","Italy","Percentage",2014,"From 3 to 5 years","All ISCED 2011 levels ",5.5
"Blood pressure measurement","Italy","Percentage",2014,"Less than 5 years","All ISCED 2011 levels ",86.7
"Blood pressure measurement","Italy","Percentage",2014,"5 years or over","All ISCED 2011 levels ",4.4
"Blood pressure measurement","Italy","Percentage",2014,"Never","All ISCED 2011 levels ",8.9
"Blood pressure measurement","Cyprus","Percentage",2014,"Less than 1 year","All ISCED 2011 levels ",57.4
"Blood pressure measurement","Cyprus","Percentage",2014,"From 1 to 3 years","All ISCED 2011 levels ",32.4
"Blood pressure measurement","Cyprus","Percentage",2014,"From 3 to 5 years","All ISCED 2011 levels ",6.2
"Blood pressure measurement","Cyprus","Percentage",2014,"Less than 5 years","All ISCED 2011 levels ",96
"Blood pressure measurement","Cyprus","Percentage",2014,"5 years or over","All ISCED 2011 levels ",2.3
"Blood pressure measurement","Cyprus","Percentage",2014,"Never","All ISCED 2011 levels ",1.6
"Blood pressure measurement","Latvia","Percentage",2014,"Less than 1 year","All ISCED 2011 levels ",67
"Blood pressure measurement","Latvia","Percentage",2014,"From 1 to 3 years","All ISCED 2011 levels ",21.5
"Blood pressure measurement","Latvia","Percentage",2014,"From 3 to 5 years","All ISCED 2011 levels ",5.4
"Blood pressure measurement","Latvia","Percentage",2014,"Less than 5 years","All ISCED 2011 levels ",93.9
"Blood pressure measurement","Latvia","Percentage",2014,"5 years or over","All ISCED 2011 levels ",3.7
"Blood pressure measurement","Latvia","Percentage",2014,"Never","All ISCED 2011 levels ",2.4
"Blood pressure measurement","Lithuania","Percentage",2014,"Less than 1 year","All ISCED 2011 levels ",67.9
"Blood pressure measurement","Lithuania","Percentage",2014,"From 1 to 3 years","All ISCED 2011 levels ",25.4
"Blood pressure measurement","Lithuania","Percentage",2014,"From 3 to 5 years","All ISCED 2011 levels ",3.2
"Blood pressure measurement","Lithuania","Percentage",2014,"Less than 5 years","All ISCED 2011 levels ",96.4
"Blood pressure measurement","Lithuania","Percentage",2014,"5 years or over","All ISCED 2011 levels ",2
"Blood pressure measurement","Lithuania","Percentage",2014,"Never","All ISCED 2011 levels ",1.6
"Blood pressure measurement","Luxembourg","Percentage",2014,"Less than 1 year","All ISCED 2011 levels ",79.6
"Blood pressure measurement","Luxembourg","Percentage",2014,"From 1 to 3 years","All ISCED 2011 levels ",14.5
"Blood pressure measurement","Luxembourg","Percentage",2014,"From 3 to 5 years","All ISCED 2011 levels ",2.4
"Blood pressure measurement","Luxembourg","Percentage",2014,"Less than 5 years","All ISCED 2011 levels ",96.5
"Blood pressure measurement","Luxembourg","Percentage",2014,"5 years or over","All ISCED 2011 levels ",2.2
"Blood pressure measurement","Luxembourg","Percentage",2014,"Never","All ISCED 2011 levels ",1.3
"Blood pressure measurement","Hungary","Percentage",2014,"Less than 1 year","All ISCED 2011 levels ",71.7
"Blood pressure measurement","Hungary","Percentage",2014,"From 1 to 3 years","All ISCED 2011 levels ",20.6
"Blood pressure measurement","Hungary","Percentage",2014,"From 3 to 5 years","All ISCED 2011 levels ",3.7
"Blood pressure measurement","Hungary","Percentage",2014,"Less than 5 years","All ISCED 2011 levels ",96
"Blood pressure measurement","Hungary","Percentage",2014,"5 years or over","All ISCED 2011 levels ",2.9
"Blood pressure measurement","Hungary","Percentage",2014,"Never","All ISCED 2011 levels ",1.1
"Blood pressure measurement","Malta","Percentage",2014,"Less than 1 year","All ISCED 2011 levels ",69.6
"Blood pressure measurement","Malta","Percentage",2014,"From 1 to 3 years","All ISCED 2011 levels ",16.1
"Blood pressure measurement","Malta","Percentage",2014,"From 3 to 5 years","All ISCED 2011 levels ",3.2
"Blood pressure measurement","Malta","Percentage",2014,"Less than 5 years","All ISCED 2011 levels ",88.9
"Blood pressure measurement","Malta","Percentage",2014,"5 years or over","All ISCED 2011 levels ",1.8
"Blood pressure measurement","Malta","Percentage",2014,"Never","All ISCED 2011 levels ",9.3
"Blood pressure measurement","Netherlands","Percentage",2014,"Less than 1 year","All ISCED 2011 levels ",50.8
"Blood pressure measurement","Netherlands","Percentage",2014,"From 1 to 3 years","All ISCED 2011 levels ",23.4
"Blood pressure measurement","Netherlands","Percentage",2014,"From 3 to 5 years","All ISCED 2011 levels ",7.2
"Blood pressure measurement","Netherlands","Percentage",2014,"Less than 5 years","All ISCED 2011 levels ",81.4
"Blood pressure measurement","Netherlands","Percentage",2014,"5 years or over","All ISCED 2011 levels ",10.4
"Blood pressure measurement","Netherlands","Percentage",2014,"Never","All ISCED 2011 levels ",8.2
"Blood pressure measurement","Austria","Percentage",2014,"Less than 1 year","All ISCED 2011 levels ",69
"Blood pressure measurement","Austria","Percentage",2014,"From 1 to 3 years","All ISCED 2011 levels ",21.3
"Blood pressure measurement","Austria","Percentage",2014,"From 3 to 5 years","All ISCED 2011 levels ",4.5
"Blood pressure measurement","Austria","Percentage",2014,"Less than 5 years","All ISCED 2011 levels ",94.8
"Blood pressure measurement","Austria","Percentage",2014,"5 years or over","All ISCED 2011 levels ",3.6
"Blood pressure measurement","Austria","Percentage",2014,"Never","All ISCED 2011 levels ",1.6
"Blood pressure measurement","Poland","Percentage",2014,"Less than 1 year","All ISCED 2011 levels ",62.9
"Blood pressure measurement","Poland","Percentage",2014,"From 1 to 3 years","All ISCED 2011 levels ",20.5
"Blood pressure measurement","Poland","Percentage",2014,"From 3 to 5 years","All ISCED 2011 levels ",5.4
"Blood pressure measurement","Poland","Percentage",2014,"Less than 5 years","All ISCED 2011 levels ",88.8
"Blood pressure measurement","Poland","Percentage",2014,"5 years or over","All ISCED 2011 levels ",4.9
"Blood pressure measurement","Poland","Percentage",2014,"Never","All ISCED 2011 levels ",6.4
"Blood pressure measurement","Portugal","Percentage",2014,"Less than 1 year","All ISCED 2011 levels ",77
"Blood pressure measurement","Portugal","Percentage",2014,"From 1 to 3 years","All ISCED 2011 levels ",16.7
"Blood pressure measurement","Portugal","Percentage",2014,"From 3 to 5 years","All ISCED 2011 levels ",1.8
"Blood pressure measurement","Portugal","Percentage",2014,"Less than 5 years","All ISCED 2011 levels ",95.5
"Blood pressure measurement","Portugal","Percentage",2014,"5 years or over","All ISCED 2011 levels ",1.1
"Blood pressure measurement","Portugal","Percentage",2014,"Never","All ISCED 2011 levels ",3.4
"Blood pressure measurement","Romania","Percentage",2014,"Less than 1 year","All ISCED 2011 levels ",39.6
"Blood pressure measurement","Romania","Percentage",2014,"From 1 to 3 years","All ISCED 2011 levels ",34.7
"Blood pressure measurement","Romania","Percentage",2014,"From 3 to 5 years","All ISCED 2011 levels ",9.4
"Blood pressure measurement","Romania","Percentage",2014,"Less than 5 years","All ISCED 2011 levels ",83.7
"Blood pressure measurement","Romania","Percentage",2014,"5 years or over","All ISCED 2011 levels ",6.6
"Blood pressure measurement","Romania","Percentage",2014,"Never","All ISCED 2011 levels ",9.7
"Blood pressure measurement","Slovenia","Percentage",2014,"Less than 1 year","All ISCED 2011 levels ",66.2
"Blood pressure measurement","Slovenia","Percentage",2014,"From 1 to 3 years","All ISCED 2011 levels ",23.5
"Blood pressure measurement","Slovenia","Percentage",2014,"From 3 to 5 years","All ISCED 2011 levels ",5.4
"Blood pressure measurement","Slovenia","Percentage",2014,"Less than 5 years","All ISCED 2011 levels ",95.1
"Blood pressure measurement","Slovenia","Percentage",2014,"5 years or over","All ISCED 2011 levels ",3.2
"Blood pressure measurement","Slovenia","Percentage",2014,"Never","All ISCED 2011 levels ",1.7
"Blood pressure measurement","Slovakia","Percentage",2014,"Less than 1 year","All ISCED 2011 levels ",62.6
"Blood pressure measurement","Slovakia","Percentage",2014,"From 1 to 3 years","All ISCED 2011 levels ",27.4
"Blood pressure measurement","Slovakia","Percentage",2014,"From 3 to 5 years","All ISCED 2011 levels ",5.1
"Blood pressure measurement","Slovakia","Percentage",2014,"Less than 5 years","All ISCED 2011 levels ",95.1
"Blood pressure measurement","Slovakia","Percentage",2014,"5 years or over","All ISCED 2011 levels ",2.7
"Blood pressure measurement","Slovakia","Percentage",2014,"Never","All ISCED 2011 levels ",2.2
"Blood pressure measurement","Finland","Percentage",2014,"Less than 1 year","All ISCED 2011 levels ",55.5
"Blood pressure measurement","Finland","Percentage",2014,"From 1 to 3 years","All ISCED 2011 levels ",30.1
"Blood pressure measurement","Finland","Percentage",2014,"From 3 to 5 years","All ISCED 2011 levels ",7.3
"Blood pressure measurement","Finland","Percentage",2014,"Less than 5 years","All ISCED 2011 levels ",92.9
"Blood pressure measurement","Finland","Percentage",2014,"5 years or over","All ISCED 2011 levels ",6.1
"Blood pressure measurement","Finland","Percentage",2014,"Never","All ISCED 2011 levels ",1.1
"Blood pressure measurement","Sweden","Percentage",2014,"Less than 1 year","All ISCED 2011 levels ",52.5
"Blood pressure measurement","Sweden","Percentage",2014,"From 1 to 3 years","All ISCED 2011 levels ",25.6
"Blood pressure measurement","Sweden","Percentage",2014,"From 3 to 5 years","All ISCED 2011 levels ",7.1
"Blood pressure measurement","Sweden","Percentage",2014,"Less than 5 years","All ISCED 2011 levels ",85.2
"Blood pressure measurement","Sweden","Percentage",2014,"5 years or over","All ISCED 2011 levels ",8.2
"Blood pressure measurement","Sweden","Percentage",2014,"Never","All ISCED 2011 levels ",6.6
"Blood pressure measurement","Iceland","Percentage",2014,"Less than 1 year","All ISCED 2011 levels ",55.8
"Blood pressure measurement","Iceland","Percentage",2014,"From 1 to 3 years","All ISCED 2011 levels ",21.6
"Blood pressure measurement","Iceland","Percentage",2014,"From 3 to 5 years","All ISCED 2011 levels ",5.4
"Blood pressure measurement","Iceland","Percentage",2014,"Less than 5 years","All ISCED 2011 levels ",82.7
"Blood pressure measurement","Iceland","Percentage",2014,"5 years or over","All ISCED 2011 levels ",5.4
"Blood pressure measurement","Iceland","Percentage",2014,"Never","All ISCED 2011 levels ",11.9
"Blood pressure measurement","Norway","Percentage",2014,"Less than 1 year","All ISCED 2011 levels ",54.9
"Blood pressure measurement","Norway","Percentage",2014,"From 1 to 3 years","All ISCED 2011 levels ",26.5
"Blood pressure measurement","Norway","Percentage",2014,"From 3 to 5 years","All ISCED 2011 levels ",8.5
"Blood pressure measurement","Norway","Percentage",2014,"Less than 5 years","All ISCED 2011 levels ",89.9
"Blood pressure measurement","Norway","Percentage",2014,"5 years or over","All ISCED 2011 levels ",0
"Blood pressure measurement","Norway","Percentage",2014,"Never","All ISCED 2011 levels ",10.1
"Blood pressure measurement","United Kingdom","Percentage",2014,"Less than 1 year","All ISCED 2011 levels ",65.9
"Blood pressure measurement","United Kingdom","Percentage",2014,"From 1 to 3 years","All ISCED 2011 levels ",18.6
"Blood pressure measurement","United Kingdom","Percentage",2014,"From 3 to 5 years","All ISCED 2011 levels ",5.7
"Blood pressure measurement","United Kingdom","Percentage",2014,"Less than 5 years","All ISCED 2011 levels ",90.1
"Blood pressure measurement","United Kingdom","Percentage",2014,"5 years or over","All ISCED 2011 levels ",5.1
"Blood pressure measurement","United Kingdom","Percentage",2014,"Never","All ISCED 2011 levels ",4.8
"Blood pressure measurement","Turkey","Percentage",2014,"Less than 1 year","All ISCED 2011 levels ",50.2
"Blood pressure measurement","Turkey","Percentage",2014,"From 1 to 3 years","All ISCED 2011 levels ",18.8
"Blood pressure measurement","Turkey","Percentage",2014,"From 3 to 5 years","All ISCED 2011 levels ",4.8
"Blood pressure measurement","Turkey","Percentage",2014,"Less than 5 years","All ISCED 2011 levels ",73.8
"Blood pressure measurement","Turkey","Percentage",2014,"5 years or over","All ISCED 2011 levels ",3.7
"Blood pressure measurement","Turkey","Percentage",2014,"Never","All ISCED 2011 levels ",22.5
"Blood cholesterol measurement","European Union - 27 countries (from 2020)","Percentage",2014,"Less than 1 year","All ISCED 2011 levels ",51.6
"Blood cholesterol measurement","European Union - 27 countries (from 2020)","Percentage",2014,"From 1 to 3 years","All ISCED 2011 levels ",22.5
"Blood cholesterol measurement","European Union - 27 countries (from 2020)","Percentage",2014,"From 3 to 5 years","All ISCED 2011 levels ",5.1
"Blood cholesterol measurement","European Union - 27 countries (from 2020)","Percentage",2014,"Less than 5 years","All ISCED 2011 levels ",79.3
"Blood cholesterol measurement","European Union - 27 countries (from 2020)","Percentage",2014,"5 years or over","All ISCED 2011 levels ",4.5
"Blood cholesterol measurement","European Union - 27 countries (from 2020)","Percentage",2014,"Never","All ISCED 2011 levels ",16.3
"Blood cholesterol measurement","European Union - 28 countries (2013-2020)","Percentage",2014,"Less than 1 year","All ISCED 2011 levels ",50.4
"Blood cholesterol measurement","European Union - 28 countries (2013-2020)","Percentage",2014,"From 1 to 3 years","All ISCED 2011 levels ",21.7
"Blood cholesterol measurement","European Union - 28 countries (2013-2020)","Percentage",2014,"From 3 to 5 years","All ISCED 2011 levels ",5.1
"Blood cholesterol measurement","European Union - 28 countries (2013-2020)","Percentage",2014,"Less than 5 years","All ISCED 2011 levels ",77.2
"Blood cholesterol measurement","European Union - 28 countries (2013-2020)","Percentage",2014,"5 years or over","All ISCED 2011 levels ",4.5
"Blood cholesterol measurement","European Union - 28 countries (2013-2020)","Percentage",2014,"Never","All ISCED 2011 levels ",18.2
"Blood cholesterol measurement","Bulgaria","Percentage",2014,"Less than 1 year","All ISCED 2011 levels ",51.1
"Blood cholesterol measurement","Bulgaria","Percentage",2014,"From 1 to 3 years","All ISCED 2011 levels ",22.9
"Blood cholesterol measurement","Bulgaria","Percentage",2014,"From 3 to 5 years","All ISCED 2011 levels ",3.9
"Blood cholesterol measurement","Bulgaria","Percentage",2014,"Less than 5 years","All ISCED 2011 levels ",77.9
"Blood cholesterol measurement","Bulgaria","Percentage",2014,"5 years or over","All ISCED 2011 levels ",3.8
"Blood cholesterol measurement","Bulgaria","Percentage",2014,"Never","All ISCED 2011 levels ",18.3
"Blood cholesterol measurement","Czechia","Percentage",2014,"Less than 1 year","All ISCED 2011 levels ",56.9
"Blood cholesterol measurement","Czechia","Percentage",2014,"From 1 to 3 years","All ISCED 2011 levels ",27.5
"Blood cholesterol measurement","Czechia","Percentage",2014,"From 3 to 5 years","All ISCED 2011 levels ",4.8
"Blood cholesterol measurement","Czechia","Percentage",2014,"Less than 5 years","All ISCED 2011 levels ",89.2
"Blood cholesterol measurement","Czechia","Percentage",2014,"5 years or over","All ISCED 2011 levels ",3.1
"Blood cholesterol measurement","Czechia","Percentage",2014,"Never","All ISCED 2011 levels ",7.7
"Blood cholesterol measurement","Denmark","Percentage",2014,"Less than 1 year","All ISCED 2011 levels ",32.7
"Blood cholesterol measurement","Denmark","Percentage",2014,"From 1 to 3 years","All ISCED 2011 levels ",18
"Blood cholesterol measurement","Denmark","Percentage",2014,"From 3 to 5 years","All ISCED 2011 levels ",6.1
"Blood cholesterol measurement","Denmark","Percentage",2014,"Less than 5 years","All ISCED 2011 levels ",56.8
"Blood cholesterol measurement","Denmark","Percentage",2014,"5 years or over","All ISCED 2011 levels ",6.4
"Blood cholesterol measurement","Denmark","Percentage",2014,"Never","All ISCED 2011 levels ",36.8
"Blood cholesterol measurement","Germany (until 1990 former territory of the FRG)","Percentage",2014,"Less than 1 year","All ISCED 2011 levels ",56.1
"Blood cholesterol measurement","Germany (until 1990 former territory of the FRG)","Percentage",2014,"From 1 to 3 years","All ISCED 2011 levels ",19.5
"Blood cholesterol measurement","Germany (until 1990 former territory of the FRG)","Percentage",2014,"From 3 to 5 years","All ISCED 2011 levels ",4.3
"Blood cholesterol measurement","Germany (until 1990 former territory of the FRG)","Percentage",2014,"Less than 5 years","All ISCED 2011 levels ",79.9
"Blood cholesterol measurement","Germany (until 1990 former territory of the FRG)","Percentage",2014,"5 years or over","All ISCED 2011 levels ",4.7
"Blood cholesterol measurement","Germany (until 1990 former territory of the FRG)","Percentage",2014,"Never","All ISCED 2011 levels ",15.4
"Blood cholesterol measurement","Estonia","Percentage",2014,"Less than 1 year","All ISCED 2011 levels ",54.5
"Blood cholesterol measurement","Estonia","Percentage",2014,"From 1 to 3 years","All ISCED 2011 levels ",21.3
"Blood cholesterol measurement","Estonia","Percentage",2014,"From 3 to 5 years","All ISCED 2011 levels ",8.2
"Blood cholesterol measurement","Estonia","Percentage",2014,"Less than 5 years","All ISCED 2011 levels ",84
"Blood cholesterol measurement","Estonia","Percentage",2014,"5 years or over","All ISCED 2011 levels ",4.9
"Blood cholesterol measurement","Estonia","Percentage",2014,"Never","All ISCED 2011 levels ",11.1
"Blood cholesterol measurement","Ireland","Percentage",2014,"Less than 1 year","All ISCED 2011 levels ",43.8
"Blood cholesterol measurement","Ireland","Percentage",2014,"From 1 to 3 years","All ISCED 2011 levels ",13.9
"Blood cholesterol measurement","Ireland","Percentage",2014,"From 3 to 5 years","All ISCED 2011 levels ",6.2
"Blood cholesterol measurement","Ireland","Percentage",2014,"Less than 5 years","All ISCED 2011 levels ",63.9
"Blood cholesterol measurement","Ireland","Percentage",2014,"5 years or over","All ISCED 2011 levels ",8.3
"Blood cholesterol measurement","Ireland","Percentage",2014,"Never","All ISCED 2011 levels ",27.8
"Blood cholesterol measurement","Greece","Percentage",2014,"Less than 1 year","All ISCED 2011 levels ",56.7
"Blood cholesterol measurement","Greece","Percentage",2014,"From 1 to 3 years","All ISCED 2011 levels ",23.6
"Blood cholesterol measurement","Greece","Percentage",2014,"From 3 to 5 years","All ISCED 2011 levels ",5.1
"Blood cholesterol measurement","Greece","Percentage",2014,"Less than 5 years","All ISCED 2011 levels ",85.3
"Blood cholesterol measurement","Greece","Percentage",2014,"5 years or over","All ISCED 2011 levels ",3.7
"Blood cholesterol measurement","Greece","Percentage",2014,"Never","All ISCED 2011 levels ",11
"Blood cholesterol measurement","Spain","Percentage",2014,"Less than 1 year","All ISCED 2011 levels ",69
"Blood cholesterol measurement","Spain","Percentage",2014,"From 1 to 3 years","All ISCED 2011 levels ",17.9
"Blood cholesterol measurement","Spain","Percentage",2014,"From 3 to 5 years","All ISCED 2011 levels ",3.3
"Blood cholesterol measurement","Spain","Percentage",2014,"Less than 5 years","All ISCED 2011 levels ",90.2
"Blood cholesterol measurement","Spain","Percentage",2014,"5 years or over","All ISCED 2011 levels ",2.6
"Blood cholesterol measurement","Spain","Percentage",2014,"Never","All ISCED 2011 levels ",7.1
"Blood cholesterol measurement","France","Percentage",2014,"Less than 1 year","All ISCED 2011 levels ",47.2
"Blood cholesterol measurement","France","Percentage",2014,"From 1 to 3 years","All ISCED 2011 levels ",24.7
"Blood cholesterol measurement","France","Percentage",2014,"From 3 to 5 years","All ISCED 2011 levels ",3.6
"Blood cholesterol measurement","France","Percentage",2014,"Less than 5 years","All ISCED 2011 levels ",75.5
"Blood cholesterol measurement","France","Percentage",2014,"5 years or over","All ISCED 2011 levels ",3.9
"Blood cholesterol measurement","France","Percentage",2014,"Never","All ISCED 2011 levels ",20.6
"Blood cholesterol measurement","Croatia","Percentage",2014,"Less than 1 year","All ISCED 2011 levels ",52
"Blood cholesterol measurement","Croatia","Percentage",2014,"From 1 to 3 years","All ISCED 2011 levels ",24
"Blood cholesterol measurement","Croatia","Percentage",2014,"From 3 to 5 years","All ISCED 2011 levels ",6.4
"Blood cholesterol measurement","Croatia","Percentage",2014,"Less than 5 years","All ISCED 2011 levels ",82.4
"Blood cholesterol measurement","Croatia","Percentage",2014,"5 years or over","All ISCED 2011 levels ",5.1
"Blood cholesterol measurement","Croatia","Percentage",2014,"Never","All ISCED 2011 levels ",12.5
"Blood cholesterol measurement","Italy","Percentage",2014,"Less than 1 year","All ISCED 2011 levels ",51.9
"Blood cholesterol measurement","Italy","Percentage",2014,"From 1 to 3 years","All ISCED 2011 levels ",26.6
"Blood cholesterol measurement","Italy","Percentage",2014,"From 3 to 5 years","All ISCED 2011 levels ",6.1
"Blood cholesterol measurement","Italy","Percentage",2014,"Less than 5 years","All ISCED 2011 levels ",84.7
"Blood cholesterol measurement","Italy","Percentage",2014,"5 years or over","All ISCED 2011 levels ",4.3
"Blood cholesterol measurement","Italy","Percentage",2014,"Never","All ISCED 2011 levels ",11
"Blood cholesterol measurement","Cyprus","Percentage",2014,"Less than 1 year","All ISCED 2011 levels ",48.8
"Blood cholesterol measurement","Cyprus","Percentage",2014,"From 1 to 3 years","All ISCED 2011 levels ",38.7
"Blood cholesterol measurement","Cyprus","Percentage",2014,"From 3 to 5 years","All ISCED 2011 levels ",6.5
"Blood cholesterol measurement","Cyprus","Percentage",2014,"Less than 5 years","All ISCED 2011 levels ",94
"Blood cholesterol measurement","Cyprus","Percentage",2014,"5 years or over","All ISCED 2011 levels ",3.1
"Blood cholesterol measurement","Cyprus","Percentage",2014,"Never","All ISCED 2011 levels ",2.8
"Blood cholesterol measurement","Latvia","Percentage",2014,"Less than 1 year","All ISCED 2011 levels ",54.4
"Blood cholesterol measurement","Latvia","Percentage",2014,"From 1 to 3 years","All ISCED 2011 levels ",21.9
"Blood cholesterol measurement","Latvia","Percentage",2014,"From 3 to 5 years","All ISCED 2011 levels ",6.2
"Blood cholesterol measurement","Latvia","Percentage",2014,"Less than 5 years","All ISCED 2011 levels ",82.5
"Blood cholesterol measurement","Latvia","Percentage",2014,"5 years or over","All ISCED 2011 levels ",3.8
"Blood cholesterol measurement","Latvia","Percentage",2014,"Never","All ISCED 2011 levels ",13.8
"Blood cholesterol measurement","Lithuania","Percentage",2014,"Less than 1 year","All ISCED 2011 levels ",50.4
"Blood cholesterol measurement","Lithuania","Percentage",2014,"From 1 to 3 years","All ISCED 2011 levels ",27.4
"Blood cholesterol measurement","Lithuania","Percentage",2014,"From 3 to 5 years","All ISCED 2011 levels ",4.1
"Blood cholesterol measurement","Lithuania","Percentage",2014,"Less than 5 years","All ISCED 2011 levels ",81.9
"Blood cholesterol measurement","Lithuania","Percentage",2014,"5 years or over","All ISCED 2011 levels ",2.7
"Blood cholesterol measurement","Lithuania","Percentage",2014,"Never","All ISCED 2011 levels ",15.4
"Blood cholesterol measurement","Luxembourg","Percentage",2014,"Less than 1 year","All ISCED 2011 levels ",62.9
"Blood cholesterol measurement","Luxembourg","Percentage",2014,"From 1 to 3 years","All ISCED 2011 levels ",19.6
"Blood cholesterol measurement","Luxembourg","Percentage",2014,"From 3 to 5 years","All ISCED 2011 levels ",4.5
"Blood cholesterol measurement","Luxembourg","Percentage",2014,"Less than 5 years","All ISCED 2011 levels ",87
"Blood cholesterol measurement","Luxembourg","Percentage",2014,"5 years or over","All ISCED 2011 levels ",2.9
"Blood cholesterol measurement","Luxembourg","Percentage",2014,"Never","All ISCED 2011 levels ",10.1
"Blood cholesterol measurement","Hungary","Percentage",2014,"Less than 1 year","All ISCED 2011 levels ",53.5
"Blood cholesterol measurement","Hungary","Percentage",2014,"From 1 to 3 years","All ISCED 2011 levels ",22.1
"Blood cholesterol measurement","Hungary","Percentage",2014,"From 3 to 5 years","All ISCED 2011 levels ",6.5
"Blood cholesterol measurement","Hungary","Percentage",2014,"Less than 5 years","All ISCED 2011 levels ",82.1
"Blood cholesterol measurement","Hungary","Percentage",2014,"5 years or over","All ISCED 2011 levels ",5.1
"Blood cholesterol measurement","Hungary","Percentage",2014,"Never","All ISCED 2011 levels ",12.8
"Blood cholesterol measurement","Malta","Percentage",2014,"Less than 1 year","All ISCED 2011 levels ",52.8
"Blood cholesterol measurement","Malta","Percentage",2014,"From 1 to 3 years","All ISCED 2011 levels ",17.5
"Blood cholesterol measurement","Malta","Percentage",2014,"From 3 to 5 years","All ISCED 2011 levels ",4.1
"Blood cholesterol measurement","Malta","Percentage",2014,"Less than 5 years","All ISCED 2011 levels ",74.4
"Blood cholesterol measurement","Malta","Percentage",2014,"5 years or over","All ISCED 2011 levels ",2.4
"Blood cholesterol measurement","Malta","Percentage",2014,"Never","All ISCED 2011 levels ",23.3
"Blood cholesterol measurement","Netherlands","Percentage",2014,"Less than 1 year","All ISCED 2011 levels ",33.3
"Blood cholesterol measurement","Netherlands","Percentage",2014,"From 1 to 3 years","All ISCED 2011 levels ",16.3
"Blood cholesterol measurement","Netherlands","Percentage",2014,"From 3 to 5 years","All ISCED 2011 levels ",5.2
"Blood cholesterol measurement","Netherlands","Percentage",2014,"Less than 5 years","All ISCED 2011 levels ",54.8
"Blood cholesterol measurement","Netherlands","Percentage",2014,"5 years or over","All ISCED 2011 levels ",6.7
"Blood cholesterol measurement","Netherlands","Percentage",2014,"Never","All ISCED 2011 levels ",38.5
"Blood cholesterol measurement","Austria","Percentage",2014,"Less than 1 year","All ISCED 2011 levels ",56.6
"Blood cholesterol measurement","Austria","Percentage",2014,"From 1 to 3 years","All ISCED 2011 levels ",24.5
"Blood cholesterol measurement","Austria","Percentage",2014,"From 3 to 5 years","All ISCED 2011 levels ",5.4
"Blood cholesterol measurement","Austria","Percentage",2014,"Less than 5 years","All ISCED 2011 levels ",86.4
"Blood cholesterol measurement","Austria","Percentage",2014,"5 years or over","All ISCED 2011 levels ",4.8
"Blood cholesterol measurement","Austria","Percentage",2014,"Never","All ISCED 2011 levels ",8.8
"Blood cholesterol measurement","Poland","Percentage",2014,"Less than 1 year","All ISCED 2011 levels ",46.6
"Blood cholesterol measurement","Poland","Percentage",2014,"From 1 to 3 years","All ISCED 2011 levels ",19.3
"Blood cholesterol measurement","Poland","Percentage",2014,"From 3 to 5 years","All ISCED 2011 levels ",5.8
"Blood cholesterol measurement","Poland","Percentage",2014,"Less than 5 years","All ISCED 2011 levels ",71.6
"Blood cholesterol measurement","Poland","Percentage",2014,"5 years or over","All ISCED 2011 levels ",4.8
"Blood cholesterol measurement","Poland","Percentage",2014,"Never","All ISCED 2011 levels ",23.6
"Blood cholesterol measurement","Portugal","Percentage",2014,"Less than 1 year","All ISCED 2011 levels ",67.8
"Blood cholesterol measurement","Portugal","Percentage",2014,"From 1 to 3 years","All ISCED 2011 levels ",21.5
"Blood cholesterol measurement","Portugal","Percentage",2014,"From 3 to 5 years","All ISCED 2011 levels ",2.3
"Blood cholesterol measurement","Portugal","Percentage",2014,"Less than 5 years","All ISCED 2011 levels ",91.6
"Blood cholesterol measurement","Portugal","Percentage",2014,"5 years or over","All ISCED 2011 levels ",1.4
"Blood cholesterol measurement","Portugal","Percentage",2014,"Never","All ISCED 2011 levels ",7
"Blood cholesterol measurement","Romania","Percentage",2014,"Less than 1 year","All ISCED 2011 levels ",30.2
"Blood cholesterol measurement","Romania","Percentage",2014,"From 1 to 3 years","All ISCED 2011 levels ",35.8
"Blood cholesterol measurement","Romania","Percentage",2014,"From 3 to 5 years","All ISCED 2011 levels ",12
"Blood cholesterol measurement","Romania","Percentage",2014,"Less than 5 years","All ISCED 2011 levels ",78.1
"Blood cholesterol measurement","Romania","Percentage",2014,"5 years or over","All ISCED 2011 levels ",7.3
"Blood cholesterol measurement","Romania","Percentage",2014,"Never","All ISCED 2011 levels ",14.6
"Blood cholesterol measurement","Slovenia","Percentage",2014,"Less than 1 year","All ISCED 2011 levels ",48.2
"Blood cholesterol measurement","Slovenia","Percentage",2014,"From 1 to 3 years","All ISCED 2011 levels ",26.3
"Blood cholesterol measurement","Slovenia","Percentage",2014,"From 3 to 5 years","All ISCED 2011 levels ",6.5
"Blood cholesterol measurement","Slovenia","Percentage",2014,"Less than 5 years","All ISCED 2011 levels ",80.9
"Blood cholesterol measurement","Slovenia","Percentage",2014,"5 years or over","All ISCED 2011 levels ",4.2
"Blood cholesterol measurement","Slovenia","Percentage",2014,"Never","All ISCED 2011 levels ",14.9
"Blood cholesterol measurement","Slovakia","Percentage",2014,"Less than 1 year","All ISCED 2011 levels ",52.1
"Blood cholesterol measurement","Slovakia","Percentage",2014,"From 1 to 3 years","All ISCED 2011 levels ",29.8
"Blood cholesterol measurement","Slovakia","Percentage",2014,"From 3 to 5 years","All ISCED 2011 levels ",6.3
"Blood cholesterol measurement","Slovakia","Percentage",2014,"Less than 5 years","All ISCED 2011 levels ",88.1
"Blood cholesterol measurement","Slovakia","Percentage",2014,"5 years or over","All ISCED 2011 levels ",3.7
"Blood cholesterol measurement","Slovakia","Percentage",2014,"Never","All ISCED 2011 levels ",8.2
"Blood cholesterol measurement","Finland","Percentage",2014,"Less than 1 year","All ISCED 2011 levels ",40.8
"Blood cholesterol measurement","Finland","Percentage",2014,"From 1 to 3 years","All ISCED 2011 levels ",28.2
"Blood cholesterol measurement","Finland","Percentage",2014,"From 3 to 5 years","All ISCED 2011 levels ",9.5
"Blood cholesterol measurement","Finland","Percentage",2014,"Less than 5 years","All ISCED 2011 levels ",78.6
"Blood cholesterol measurement","Finland","Percentage",2014,"5 years or over","All ISCED 2011 levels ",8.5
"Blood cholesterol measurement","Finland","Percentage",2014,"Never","All ISCED 2011 levels ",12.9
"Blood cholesterol measurement","Sweden","Percentage",2014,"Less than 1 year","All ISCED 2011 levels ",29.1
"Blood cholesterol measurement","Sweden","Percentage",2014,"From 1 to 3 years","All ISCED 2011 levels ",20.9
"Blood cholesterol measurement","Sweden","Percentage",2014,"From 3 to 5 years","All ISCED 2011 levels ",7.7
"Blood cholesterol measurement","Sweden","Percentage",2014,"Less than 5 years","All ISCED 2011 levels ",57.6
"Blood cholesterol measurement","Sweden","Percentage",2014,"5 years or over","All ISCED 2011 levels ",10.1
"Blood cholesterol measurement","Sweden","Percentage",2014,"Never","All ISCED 2011 levels ",32.3
"Blood cholesterol measurement","Iceland","Percentage",2014,"Less than 1 year","All ISCED 2011 levels ",30.4
"Blood cholesterol measurement","Iceland","Percentage",2014,"From 1 to 3 years","All ISCED 2011 levels ",16.3
"Blood cholesterol measurement","Iceland","Percentage",2014,"From 3 to 5 years","All ISCED 2011 levels ",4.2
"Blood cholesterol measurement","Iceland","Percentage",2014,"Less than 5 years","All ISCED 2011 levels ",51
"Blood cholesterol measurement","Iceland","Percentage",2014,"5 years or over","All ISCED 2011 levels ",3.5
"Blood cholesterol measurement","Iceland","Percentage",2014,"Never","All ISCED 2011 levels ",45.5
"Blood cholesterol measurement","Norway","Percentage",2014,"Less than 1 year","All ISCED 2011 levels ",37.3
"Blood cholesterol measurement","Norway","Percentage",2014,"From 1 to 3 years","All ISCED 2011 levels ",19.5
"Blood cholesterol measurement","Norway","Percentage",2014,"From 3 to 5 years","All ISCED 2011 levels ",8.1
"Blood cholesterol measurement","Norway","Percentage",2014,"Less than 5 years","All ISCED 2011 levels ",64.8
"Blood cholesterol measurement","Norway","Percentage",2014,"5 years or over","All ISCED 2011 levels ",0
"Blood cholesterol measurement","Norway","Percentage",2014,"Never","All ISCED 2011 levels ",35.2
"Blood cholesterol measurement","United Kingdom","Percentage",2014,"Less than 1 year","All ISCED 2011 levels ",40.2
"Blood cholesterol measurement","United Kingdom","Percentage",2014,"From 1 to 3 years","All ISCED 2011 levels ",15
"Blood cholesterol measurement","United Kingdom","Percentage",2014,"From 3 to 5 years","All ISCED 2011 levels ",5
"Blood cholesterol measurement","United Kingdom","Percentage",2014,"Less than 5 years","All ISCED 2011 levels ",60.1
"Blood cholesterol measurement","United Kingdom","Percentage",2014,"5 years or over","All ISCED 2011 levels ",5.1
"Blood cholesterol measurement","United Kingdom","Percentage",2014,"Never","All ISCED 2011 levels ",34.7
"Blood cholesterol measurement","Turkey","Percentage",2014,"Less than 1 year","All ISCED 2011 levels ",34.4
"Blood cholesterol measurement","Turkey","Percentage",2014,"From 1 to 3 years","All ISCED 2011 levels ",15.5
"Blood cholesterol measurement","Turkey","Percentage",2014,"From 3 to 5 years","All ISCED 2011 levels ",3.9
"Blood cholesterol measurement","Turkey","Percentage",2014,"Less than 5 years","All ISCED 2011 levels ",53.8
"Blood cholesterol measurement","Turkey","Percentage",2014,"5 years or over","All ISCED 2011 levels ",2.9
"Blood cholesterol measurement","Turkey","Percentage",2014,"Never","All ISCED 2011 levels ",43.3
"Blood sugar measurement","European Union - 27 countries (from 2020)","Percentage",2014,"Less than 1 year","All ISCED 2011 levels ",52.2
"Blood sugar measurement","European Union - 27 countries (from 2020)","Percentage",2014,"From 1 to 3 years","All ISCED 2011 levels ",22.5
"Blood sugar measurement","European Union - 27 countries (from 2020)","Percentage",2014,"From 3 to 5 years","All ISCED 2011 levels ",5.3
"Blood sugar measurement","European Union - 27 countries (from 2020)","Percentage",2014,"Less than 5 years","All ISCED 2011 levels ",80
"Blood sugar measurement","European Union - 27 countries (from 2020)","Percentage",2014,"5 years or over","All ISCED 2011 levels ",4.9
"Blood sugar measurement","European Union - 27 countries (from 2020)","Percentage",2014,"Never","All ISCED 2011 levels ",15.1
"Blood sugar measurement","European Union - 28 countries (2013-2020)","Percentage",2014,"Less than 1 year","All ISCED 2011 levels ",51
"Blood sugar measurement","European Union - 28 countries (2013-2020)","Percentage",2014,"From 1 to 3 years","All ISCED 2011 levels ",21.7
"Blood sugar measurement","European Union - 28 countries (2013-2020)","Percentage",2014,"From 3 to 5 years","All ISCED 2011 levels ",5.3
"Blood sugar measurement","European Union - 28 countries (2013-2020)","Percentage",2014,"Less than 5 years","All ISCED 2011 levels ",77.9
"Blood sugar measurement","European Union - 28 countries (2013-2020)","Percentage",2014,"5 years or over","All ISCED 2011 levels ",5.1
"Blood sugar measurement","European Union - 28 countries (2013-2020)","Percentage",2014,"Never","All ISCED 2011 levels ",16.9
"Blood sugar measurement","Bulgaria","Percentage",2014,"Less than 1 year","All ISCED 2011 levels ",51.7
"Blood sugar measurement","Bulgaria","Percentage",2014,"From 1 to 3 years","All ISCED 2011 levels ",23
"Blood sugar measurement","Bulgaria","Percentage",2014,"From 3 to 5 years","All ISCED 2011 levels ",4.3
"Blood sugar measurement","Bulgaria","Percentage",2014,"Less than 5 years","All ISCED 2011 levels ",79
"Blood sugar measurement","Bulgaria","Percentage",2014,"5 years or over","All ISCED 2011 levels ",4.1
"Blood sugar measurement","Bulgaria","Percentage",2014,"Never","All ISCED 2011 levels ",16.9
"Blood sugar measurement","Czechia","Percentage",2014,"Less than 1 year","All ISCED 2011 levels ",56.1
"Blood sugar measurement","Czechia","Percentage",2014,"From 1 to 3 years","All ISCED 2011 levels ",27.6
"Blood sugar measurement","Czechia","Percentage",2014,"From 3 to 5 years","All ISCED 2011 levels ",4.8
"Blood sugar measurement","Czechia","Percentage",2014,"Less than 5 years","All ISCED 2011 levels ",88.5
"Blood sugar measurement","Czechia","Percentage",2014,"5 years or over","All ISCED 2011 levels ",3.4
"Blood sugar measurement","Czechia","Percentage",2014,"Never","All ISCED 2011 levels ",8.1
"Blood sugar measurement","Denmark","Percentage",2014,"Less than 1 year","All ISCED 2011 levels ",35.8
"Blood sugar measurement","Denmark","Percentage",2014,"From 1 to 3 years","All ISCED 2011 levels ",20
"Blood sugar measurement","Denmark","Percentage",2014,"From 3 to 5 years","All ISCED 2011 levels ",6.9
"Blood sugar measurement","Denmark","Percentage",2014,"Less than 5 years","All ISCED 2011 levels ",62.7
"Blood sugar measurement","Denmark","Percentage",2014,"5 years or over","All ISCED 2011 levels ",8.6
"Blood sugar measurement","Denmark","Percentage",2014,"Never","All ISCED 2011 levels ",28.7
"Blood sugar measurement","Germany (until 1990 former territory of the FRG)","Percentage",2014,"Less than 1 year","All ISCED 2011 levels ",55.8
"Blood sugar measurement","Germany (until 1990 former territory of the FRG)","Percentage",2014,"From 1 to 3 years","All ISCED 2011 levels ",19.3
"Blood sugar measurement","Germany (until 1990 former territory of the FRG)","Percentage",2014,"From 3 to 5 years","All ISCED 2011 levels ",4.7
"Blood sugar measurement","Germany (until 1990 former territory of the FRG)","Percentage",2014,"Less than 5 years","All ISCED 2011 levels ",79.7
"Blood sugar measurement","Germany (until 1990 former territory of the FRG)","Percentage",2014,"5 years or over","All ISCED 2011 levels ",5.4
"Blood sugar measurement","Germany (until 1990 former territory of the FRG)","Percentage",2014,"Never","All ISCED 2011 levels ",14.9
"Blood sugar measurement","Estonia","Percentage",2014,"Less than 1 year","All ISCED 2011 levels ",58.2
"Blood sugar measurement","Estonia","Percentage",2014,"From 1 to 3 years","All ISCED 2011 levels ",21.9
"Blood sugar measurement","Estonia","Percentage",2014,"From 3 to 5 years","All ISCED 2011 levels ",8.5
"Blood sugar measurement","Estonia","Percentage",2014,"Less than 5 years","All ISCED 2011 levels ",88.6
"Blood sugar measurement","Estonia","Percentage",2014,"5 years or over","All ISCED 2011 levels ",5.1
"Blood sugar measurement","Estonia","Percentage",2014,"Never","All ISCED 2011 levels ",6.3
"Blood sugar measurement","Ireland","Percentage",2014,"Less than 1 year","All ISCED 2011 levels ",35.7
"Blood sugar measurement","Ireland","Percentage",2014,"From 1 to 3 years","All ISCED 2011 levels ",10.7
"Blood sugar measurement","Ireland","Percentage",2014,"From 3 to 5 years","All ISCED 2011 levels ",5.6
"Blood sugar measurement","Ireland","Percentage",2014,"Less than 5 years","All ISCED 2011 levels ",52
"Blood sugar measurement","Ireland","Percentage",2014,"5 years or over","All ISCED 2011 levels ",9
"Blood sugar measurement","Ireland","Percentage",2014,"Never","All ISCED 2011 levels ",38.9
"Blood sugar measurement","Greece","Percentage",2014,"Less than 1 year","All ISCED 2011 levels ",56.3
"Blood sugar measurement","Greece","Percentage",2014,"From 1 to 3 years","All ISCED 2011 levels ",22.8
"Blood sugar measurement","Greece","Percentage",2014,"From 3 to 5 years","All ISCED 2011 levels ",5
"Blood sugar measurement","Greece","Percentage",2014,"Less than 5 years","All ISCED 2011 levels ",84.2
"Blood sugar measurement","Greece","Percentage",2014,"5 years or over","All ISCED 2011 levels ",3.8
"Blood sugar measurement","Greece","Percentage",2014,"Never","All ISCED 2011 levels ",12
"Blood sugar measurement","Spain","Percentage",2014,"Less than 1 year","All ISCED 2011 levels ",67.7
"Blood sugar measurement","Spain","Percentage",2014,"From 1 to 3 years","All ISCED 2011 levels ",17.8
"Blood sugar measurement","Spain","Percentage",2014,"From 3 to 5 years","All ISCED 2011 levels ",3.2
"Blood sugar measurement","Spain","Percentage",2014,"Less than 5 years","All ISCED 2011 levels ",88.6
"Blood sugar measurement","Spain","Percentage",2014,"5 years or over","All ISCED 2011 levels ",2.6
"Blood sugar measurement","Spain","Percentage",2014,"Never","All ISCED 2011 levels ",8.8
"Blood sugar measurement","France","Percentage",2014,"Less than 1 year","All ISCED 2011 levels ",48.8
"Blood sugar measurement","France","Percentage",2014,"From 1 to 3 years","All ISCED 2011 levels ",24.7
"Blood sugar measurement","France","Percentage",2014,"From 3 to 5 years","All ISCED 2011 levels ",3.9
"Blood sugar measurement","France","Percentage",2014,"Less than 5 years","All ISCED 2011 levels ",77.4
"Blood sugar measurement","France","Percentage",2014,"5 years or over","All ISCED 2011 levels ",4.5
"Blood sugar measurement","France","Percentage",2014,"Never","All ISCED 2011 levels ",18.1
"Blood sugar measurement","Croatia","Percentage",2014,"Less than 1 year","All ISCED 2011 levels ",52.2
"Blood sugar measurement","Croatia","Percentage",2014,"From 1 to 3 years","All ISCED 2011 levels ",23.1
"Blood sugar measurement","Croatia","Percentage",2014,"From 3 to 5 years","All ISCED 2011 levels ",6.3
"Blood sugar measurement","Croatia","Percentage",2014,"Less than 5 years","All ISCED 2011 levels ",81.7
"Blood sugar measurement","Croatia","Percentage",2014,"5 years or over","All ISCED 2011 levels ",5.2
"Blood sugar measurement","Croatia","Percentage",2014,"Never","All ISCED 2011 levels ",13.1
"Blood sugar measurement","Italy","Percentage",2014,"Less than 1 year","All ISCED 2011 levels ",51.7
"Blood sugar measurement","Italy","Percentage",2014,"From 1 to 3 years","All ISCED 2011 levels ",26
"Blood sugar measurement","Italy","Percentage",2014,"From 3 to 5 years","All ISCED 2011 levels ",6.1
"Blood sugar measurement","Italy","Percentage",2014,"Less than 5 years","All ISCED 2011 levels ",83.8
"Blood sugar measurement","Italy","Percentage",2014,"5 years or over","All ISCED 2011 levels ",4.5
"Blood sugar measurement","Italy","Percentage",2014,"Never","All ISCED 2011 levels ",11.7
"Blood sugar measurement","Cyprus","Percentage",2014,"Less than 1 year","All ISCED 2011 levels ",48.8
"Blood sugar measurement","Cyprus","Percentage",2014,"From 1 to 3 years","All ISCED 2011 levels ",38.7
"Blood sugar measurement","Cyprus","Percentage",2014,"From 3 to 5 years","All ISCED 2011 levels ",6.5
"Blood sugar measurement","Cyprus","Percentage",2014,"Less than 5 years","All ISCED 2011 levels ",94.1
"Blood sugar measurement","Cyprus","Percentage",2014,"5 years or over","All ISCED 2011 levels ",3.1
"Blood sugar measurement","Cyprus","Percentage",2014,"Never","All ISCED 2011 levels ",2.8
"Blood sugar measurement","Latvia","Percentage",2014,"Less than 1 year","All ISCED 2011 levels ",54.4
"Blood sugar measurement","Latvia","Percentage",2014,"From 1 to 3 years","All ISCED 2011 levels ",22.3
"Blood sugar measurement","Latvia","Percentage",2014,"From 3 to 5 years","All ISCED 2011 levels ",6.1
"Blood sugar measurement","Latvia","Percentage",2014,"Less than 5 years","All ISCED 2011 levels ",82.8
"Blood sugar measurement","Latvia","Percentage",2014,"5 years or over","All ISCED 2011 levels ",4.4
"Blood sugar measurement","Latvia","Percentage",2014,"Never","All ISCED 2011 levels ",12.8
"Blood sugar measurement","Lithuania","Percentage",2014,"Less than 1 year","All ISCED 2011 levels ",51.8
"Blood sugar measurement","Lithuania","Percentage",2014,"From 1 to 3 years","All ISCED 2011 levels ",28.8
"Blood sugar measurement","Lithuania","Percentage",2014,"From 3 to 5 years","All ISCED 2011 levels ",4.3
"Blood sugar measurement","Lithuania","Percentage",2014,"Less than 5 years","All ISCED 2011 levels ",84.9
"Blood sugar measurement","Lithuania","Percentage",2014,"5 years or over","All ISCED 2011 levels ",3.2
"Blood sugar measurement","Lithuania","Percentage",2014,"Never","All ISCED 2011 levels ",11.9
"Blood sugar measurement","Luxembourg","Percentage",2014,"Less than 1 year","All ISCED 2011 levels ",61.5
"Blood sugar measurement","Luxembourg","Percentage",2014,"From 1 to 3 years","All ISCED 2011 levels ",19.1
"Blood sugar measurement","Luxembourg","Percentage",2014,"From 3 to 5 years","All ISCED 2011 levels ",4.6
"Blood sugar measurement","Luxembourg","Percentage",2014,"Less than 5 years","All ISCED 2011 levels ",85.2
"Blood sugar measurement","Luxembourg","Percentage",2014,"5 years or over","All ISCED 2011 levels ",3.4
"Blood sugar measurement","Luxembourg","Percentage",2014,"Never","All ISCED 2011 levels ",11.4
"Blood sugar measurement","Hungary","Percentage",2014,"Less than 1 year","All ISCED 2011 levels ",55.4
"Blood sugar measurement","Hungary","Percentage",2014,"From 1 to 3 years","All ISCED 2011 levels ",21.9
"Blood sugar measurement","Hungary","Percentage",2014,"From 3 to 5 years","All ISCED 2011 levels ",6.5
"Blood sugar measurement","Hungary","Percentage",2014,"Less than 5 years","All ISCED 2011 levels ",83.8
"Blood sugar measurement","Hungary","Percentage",2014,"5 years or over","All ISCED 2011 levels ",5.6
"Blood sugar measurement","Hungary","Percentage",2014,"Never","All ISCED 2011 levels ",10.5
"Blood sugar measurement","Malta","Percentage",2014,"Less than 1 year","All ISCED 2011 levels ",56.1
"Blood sugar measurement","Malta","Percentage",2014,"From 1 to 3 years","All ISCED 2011 levels ",17.1
"Blood sugar measurement","Malta","Percentage",2014,"From 3 to 5 years","All ISCED 2011 levels ",4.2
"Blood sugar measurement","Malta","Percentage",2014,"Less than 5 years","All ISCED 2011 levels ",77.4
"Blood sugar measurement","Malta","Percentage",2014,"5 years or over","All ISCED 2011 levels ",2.4
"Blood sugar measurement","Malta","Percentage",2014,"Never","All ISCED 2011 levels ",20.2
"Blood sugar measurement","Netherlands","Percentage",2014,"Less than 1 year","All ISCED 2011 levels ",36.4
"Blood sugar measurement","Netherlands","Percentage",2014,"From 1 to 3 years","All ISCED 2011 levels ",17.6
"Blood sugar measurement","Netherlands","Percentage",2014,"From 3 to 5 years","All ISCED 2011 levels ",4.9
"Blood sugar measurement","Netherlands","Percentage",2014,"Less than 5 years","All ISCED 2011 levels ",59
"Blood sugar measurement","Netherlands","Percentage",2014,"5 years or over","All ISCED 2011 levels ",7.9
"Blood sugar measurement","Netherlands","Percentage",2014,"Never","All ISCED 2011 levels ",33.1
"Blood sugar measurement","Austria","Percentage",2014,"Less than 1 year","All ISCED 2011 levels ",58.1
"Blood sugar measurement","Austria","Percentage",2014,"From 1 to 3 years","All ISCED 2011 levels ",24.4
"Blood sugar measurement","Austria","Percentage",2014,"From 3 to 5 years","All ISCED 2011 levels ",5.4
"Blood sugar measurement","Austria","Percentage",2014,"Less than 5 years","All ISCED 2011 levels ",87.8
"Blood sugar measurement","Austria","Percentage",2014,"5 years or over","All ISCED 2011 levels ",5.1
"Blood sugar measurement","Austria","Percentage",2014,"Never","All ISCED 2011 levels ",7.1
"Blood sugar measurement","Poland","Percentage",2014,"Less than 1 year","All ISCED 2011 levels ",49.2
"Blood sugar measurement","Poland","Percentage",2014,"From 1 to 3 years","All ISCED 2011 levels ",20.3
"Blood sugar measurement","Poland","Percentage",2014,"From 3 to 5 years","All ISCED 2011 levels ",6.5
"Blood sugar measurement","Poland","Percentage",2014,"Less than 5 years","All ISCED 2011 levels ",76
"Blood sugar measurement","Poland","Percentage",2014,"5 years or over","All ISCED 2011 levels ",5.6
"Blood sugar measurement","Poland","Percentage",2014,"Never","All ISCED 2011 levels ",18.4
"Blood sugar measurement","Portugal","Percentage",2014,"Less than 1 year","All ISCED 2011 levels ",67.7
"Blood sugar measurement","Portugal","Percentage",2014,"From 1 to 3 years","All ISCED 2011 levels ",20.9
"Blood sugar measurement","Portugal","Percentage",2014,"From 3 to 5 years","All ISCED 2011 levels ",2.4
"Blood sugar measurement","Portugal","Percentage",2014,"Less than 5 years","All ISCED 2011 levels ",91
"Blood sugar measurement","Portugal","Percentage",2014,"5 years or over","All ISCED 2011 levels ",1.4
"Blood sugar measurement","Portugal","Percentage",2014,"Never","All ISCED 2011 levels ",7.6
"Blood sugar measurement","Romania","Percentage",2014,"Less than 1 year","All ISCED 2011 levels ",30.9
"Blood sugar measurement","Romania","Percentage",2014,"From 1 to 3 years","All ISCED 2011 levels ",36.1
"Blood sugar measurement","Romania","Percentage",2014,"From 3 to 5 years","All ISCED 2011 levels ",11.5
"Blood sugar measurement","Romania","Percentage",2014,"Less than 5 years","All ISCED 2011 levels ",78.5
"Blood sugar measurement","Romania","Percentage",2014,"5 years or over","All ISCED 2011 levels ",7.5
"Blood sugar measurement","Romania","Percentage",2014,"Never","All ISCED 2011 levels ",14
"Blood sugar measurement","Slovenia","Percentage",2014,"Less than 1 year","All ISCED 2011 levels ",49.5
"Blood sugar measurement","Slovenia","Percentage",2014,"From 1 to 3 years","All ISCED 2011 levels ",25.3
"Blood sugar measurement","Slovenia","Percentage",2014,"From 3 to 5 years","All ISCED 2011 levels ",6.7
"Blood sugar measurement","Slovenia","Percentage",2014,"Less than 5 years","All ISCED 2011 levels ",81.5
"Blood sugar measurement","Slovenia","Percentage",2014,"5 years or over","All ISCED 2011 levels ",4.5
"Blood sugar measurement","Slovenia","Percentage",2014,"Never","All ISCED 2011 levels ",14
"Blood sugar measurement","Slovakia","Percentage",2014,"Less than 1 year","All ISCED 2011 levels ",50.5
"Blood sugar measurement","Slovakia","Percentage",2014,"From 1 to 3 years","All ISCED 2011 levels ",28.9
"Blood sugar measurement","Slovakia","Percentage",2014,"From 3 to 5 years","All ISCED 2011 levels ",6.3
"Blood sugar measurement","Slovakia","Percentage",2014,"Less than 5 years","All ISCED 2011 levels ",85.8
"Blood sugar measurement","Slovakia","Percentage",2014,"5 years or over","All ISCED 2011 levels ",4.1
"Blood sugar measurement","Slovakia","Percentage",2014,"Never","All ISCED 2011 levels ",10.1
"Blood sugar measurement","Finland","Percentage",2014,"Less than 1 year","All ISCED 2011 levels ",44.4
"Blood sugar measurement","Finland","Percentage",2014,"From 1 to 3 years","All ISCED 2011 levels ",29.4
"Blood sugar measurement","Finland","Percentage",2014,"From 3 to 5 years","All ISCED 2011 levels ",9.6
"Blood sugar measurement","Finland","Percentage",2014,"Less than 5 years","All ISCED 2011 levels ",83.4
"Blood sugar measurement","Finland","Percentage",2014,"5 years or over","All ISCED 2011 levels ",8.3
"Blood sugar measurement","Finland","Percentage",2014,"Never","All ISCED 2011 levels ",8.3
"Blood sugar measurement","Sweden","Percentage",2014,"Less than 1 year","All ISCED 2011 levels ",35.8
"Blood sugar measurement","Sweden","Percentage",2014,"From 1 to 3 years","All ISCED 2011 levels ",22.9
"Blood sugar measurement","Sweden","Percentage",2014,"From 3 to 5 years","All ISCED 2011 levels ",7.7
"Blood sugar measurement","Sweden","Percentage",2014,"Less than 5 years","All ISCED 2011 levels ",66.4
"Blood sugar measurement","Sweden","Percentage",2014,"5 years or over","All ISCED 2011 levels ",10.8
"Blood sugar measurement","Sweden","Percentage",2014,"Never","All ISCED 2011 levels ",22.8
"Blood sugar measurement","Iceland","Percentage",2014,"Less than 1 year","All ISCED 2011 levels ",35.8
"Blood sugar measurement","Iceland","Percentage",2014,"From 1 to 3 years","All ISCED 2011 levels ",17
"Blood sugar measurement","Iceland","Percentage",2014,"From 3 to 5 years","All ISCED 2011 levels ",5.6
"Blood sugar measurement","Iceland","Percentage",2014,"Less than 5 years","All ISCED 2011 levels ",58.3
"Blood sugar measurement","Iceland","Percentage",2014,"5 years or over","All ISCED 2011 levels ",4.2
"Blood sugar measurement","Iceland","Percentage",2014,"Never","All ISCED 2011 levels ",37.5
"Blood sugar measurement","Norway","Percentage",2014,"Less than 1 year","All ISCED 2011 levels ",38.8
"Blood sugar measurement","Norway","Percentage",2014,"From 1 to 3 years","All ISCED 2011 levels ",20.3
"Blood sugar measurement","Norway","Percentage",2014,"From 3 to 5 years","All ISCED 2011 levels ",8.2
"Blood sugar measurement","Norway","Percentage",2014,"Less than 5 years","All ISCED 2011 levels ",67.4
"Blood sugar measurement","Norway","Percentage",2014,"5 years or over","All ISCED 2011 levels ",0
"Blood sugar measurement","Norway","Percentage",2014,"Never","All ISCED 2011 levels ",32.6
"Blood sugar measurement","United Kingdom","Percentage",2014,"Less than 1 year","All ISCED 2011 levels ",41.2
"Blood sugar measurement","United Kingdom","Percentage",2014,"From 1 to 3 years","All ISCED 2011 levels ",14.5
"Blood sugar measurement","United Kingdom","Percentage",2014,"From 3 to 5 years","All ISCED 2011 levels ",5
"Blood sugar measurement","United Kingdom","Percentage",2014,"Less than 5 years","All ISCED 2011 levels ",60.8
"Blood sugar measurement","United Kingdom","Percentage",2014,"5 years or over","All ISCED 2011 levels ",6.8
"Blood sugar measurement","United Kingdom","Percentage",2014,"Never","All ISCED 2011 levels ",32.5
"Blood sugar measurement","Turkey","Percentage",2014,"Less than 1 year","All ISCED 2011 levels ",37.6
"Blood sugar measurement","Turkey","Percentage",2014,"From 1 to 3 years","All ISCED 2011 levels ",15.9
"Blood sugar measurement","Turkey","Percentage",2014,"From 3 to 5 years","All ISCED 2011 levels ",4.2
"Blood sugar measurement","Turkey","Percentage",2014,"Less than 5 years","All ISCED 2011 levels ",57.7
"Blood sugar measurement","Turkey","Percentage",2014,"5 years or over","All ISCED 2011 levels ",3.3
"Blood sugar measurement","Turkey","Percentage",2014,"Never","All ISCED 2011 levels ",39
