"TIME","GEO","UNIT","SEX","INDIC_HE","Value","Value_imp"
2010,"European Union - 27 countries (from 2020)","Year","Total","Healthy life years in absolute value at birth",61.8,FALSE
2010,"European Union - 27 countries (from 2020)","Year","Males","Healthy life years in absolute value at birth",61.3,FALSE
2010,"European Union - 27 countries (from 2020)","Year","Females","Healthy life years in absolute value at birth",62.2,FALSE
2010,"European Union - 28 countries (2013-2020)","Year","Total","Healthy life years in absolute value at birth",62.2,FALSE
2010,"European Union - 28 countries (2013-2020)","Year","Males","Healthy life years in absolute value at birth",61.7,FALSE
2010,"European Union - 28 countries (2013-2020)","Year","Females","Healthy life years in absolute value at birth",62.6,FALSE
2010,"Belgium","Year","Total","Healthy life years in absolute value at birth",63.3,FALSE
2010,"Belgium","Year","Males","Healthy life years in absolute value at birth",64,FALSE
2010,"Belgium","Year","Females","Healthy life years in absolute value at birth",62.6,FALSE
2010,"Bulgaria","Year","Total","Healthy life years in absolute value at birth",65,FALSE
2010,"Bulgaria","Year","Males","Healthy life years in absolute value at birth",63,FALSE
2010,"Bulgaria","Year","Females","Healthy life years in absolute value at birth",67.1,FALSE
2010,"Czechia","Year","Total","Healthy life years in absolute value at birth",63.3,FALSE
2010,"Czechia","Year","Males","Healthy life years in absolute value at birth",62.2,FALSE
2010,"Czechia","Year","Females","Healthy life years in absolute value at birth",64.5,FALSE
2010,"Denmark","Year","Total","Healthy life years in absolute value at birth",62,FALSE
2010,"Denmark","Year","Males","Healthy life years in absolute value at birth",62.3,FALSE
2010,"Denmark","Year","Females","Healthy life years in absolute value at birth",61.4,FALSE
2010,"Germany (until 1990 former territory of the FRG)","Year","Total","Healthy life years in absolute value at birth",58.3,FALSE
2010,"Germany (until 1990 former territory of the FRG)","Year","Males","Healthy life years in absolute value at birth",57.9,FALSE
2010,"Germany (until 1990 former territory of the FRG)","Year","Females","Healthy life years in absolute value at birth",58.7,FALSE
2010,"Estonia","Year","Total","Healthy life years in absolute value at birth",56.2,FALSE
2010,"Estonia","Year","Males","Healthy life years in absolute value at birth",54.2,FALSE
2010,"Estonia","Year","Females","Healthy life years in absolute value at birth",58.2,FALSE
2010,"Ireland","Year","Total","Healthy life years in absolute value at birth",66.4,FALSE
2010,"Ireland","Year","Males","Healthy life years in absolute value at birth",65.9,FALSE
2010,"Ireland","Year","Females","Healthy life years in absolute value at birth",66.9,FALSE
2010,"Greece","Year","Total","Healthy life years in absolute value at birth",66.9,FALSE
2010,"Greece","Year","Males","Healthy life years in absolute value at birth",66.1,FALSE
2010,"Greece","Year","Females","Healthy life years in absolute value at birth",67.7,FALSE
2010,"Spain","Year","Total","Healthy life years in absolute value at birth",64.2,FALSE
2010,"Spain","Year","Males","Healthy life years in absolute value at birth",64.5,FALSE
2010,"Spain","Year","Females","Healthy life years in absolute value at birth",63.8,FALSE
2010,"France","Year","Total","Healthy life years in absolute value at birth",62.6,FALSE
2010,"France","Year","Males","Healthy life years in absolute value at birth",61.8,FALSE
2010,"France","Year","Females","Healthy life years in absolute value at birth",63.4,FALSE
2010,"Croatia","Year","Total","Healthy life years in absolute value at birth",59,FALSE
2010,"Croatia","Year","Males","Healthy life years in absolute value at birth",57.4,FALSE
2010,"Croatia","Year","Females","Healthy life years in absolute value at birth",60.4,FALSE
2010,"Italy","Year","Total","Healthy life years in absolute value at birth",61.8,TRUE
2010,"Italy","Year","Males","Healthy life years in absolute value at birth",62.1,TRUE
2010,"Italy","Year","Females","Healthy life years in absolute value at birth",61.4,TRUE
2010,"Cyprus","Year","Total","Healthy life years in absolute value at birth",64.7,FALSE
2010,"Cyprus","Year","Males","Healthy life years in absolute value at birth",65.1,FALSE
2010,"Cyprus","Year","Females","Healthy life years in absolute value at birth",64.2,FALSE
2010,"Latvia","Year","Total","Healthy life years in absolute value at birth",54.8,FALSE
2010,"Latvia","Year","Males","Healthy life years in absolute value at birth",53.1,FALSE
2010,"Latvia","Year","Females","Healthy life years in absolute value at birth",56.4,FALSE
2010,"Lithuania","Year","Total","Healthy life years in absolute value at birth",59.8,FALSE
2010,"Lithuania","Year","Males","Healthy life years in absolute value at birth",57.4,FALSE
2010,"Lithuania","Year","Females","Healthy life years in absolute value at birth",62.3,FALSE
2010,"Luxembourg","Year","Total","Healthy life years in absolute value at birth",65.5,FALSE
2010,"Luxembourg","Year","Males","Healthy life years in absolute value at birth",64.4,FALSE
2010,"Luxembourg","Year","Females","Healthy life years in absolute value at birth",66.4,FALSE
2010,"Hungary","Year","Total","Healthy life years in absolute value at birth",57.5,FALSE
2010,"Hungary","Year","Males","Healthy life years in absolute value at birth",56.3,FALSE
2010,"Hungary","Year","Females","Healthy life years in absolute value at birth",58.6,FALSE
2010,"Malta","Year","Total","Healthy life years in absolute value at birth",70.7,FALSE
2010,"Malta","Year","Males","Healthy life years in absolute value at birth",70.1,FALSE
2010,"Malta","Year","Females","Healthy life years in absolute value at birth",71.3,FALSE
2010,"Netherlands","Year","Total","Healthy life years in absolute value at birth",60.7,FALSE
2010,"Netherlands","Year","Males","Healthy life years in absolute value at birth",61.3,FALSE
2010,"Netherlands","Year","Females","Healthy life years in absolute value at birth",60.2,FALSE
2010,"Austria","Year","Total","Healthy life years in absolute value at birth",60.1,FALSE
2010,"Austria","Year","Males","Healthy life years in absolute value at birth",59.4,FALSE
2010,"Austria","Year","Females","Healthy life years in absolute value at birth",60.8,FALSE
2010,"Poland","Year","Total","Healthy life years in absolute value at birth",60.4,FALSE
2010,"Poland","Year","Males","Healthy life years in absolute value at birth",58.5,FALSE
2010,"Poland","Year","Females","Healthy life years in absolute value at birth",62.3,FALSE
2010,"Portugal","Year","Total","Healthy life years in absolute value at birth",58,FALSE
2010,"Portugal","Year","Males","Healthy life years in absolute value at birth",59.3,FALSE
2010,"Portugal","Year","Females","Healthy life years in absolute value at birth",56.7,FALSE
2010,"Romania","Year","Total","Healthy life years in absolute value at birth",57.4,FALSE
2010,"Romania","Year","Males","Healthy life years in absolute value at birth",57.2,FALSE
2010,"Romania","Year","Females","Healthy life years in absolute value at birth",57.5,FALSE
2010,"Slovenia","Year","Total","Healthy life years in absolute value at birth",53.9,FALSE
2010,"Slovenia","Year","Males","Healthy life years in absolute value at birth",53.4,FALSE
2010,"Slovenia","Year","Females","Healthy life years in absolute value at birth",54.6,FALSE
2010,"Slovakia","Year","Total","Healthy life years in absolute value at birth",52.2,FALSE
2010,"Slovakia","Year","Males","Healthy life years in absolute value at birth",52.4,FALSE
2010,"Slovakia","Year","Females","Healthy life years in absolute value at birth",52,FALSE
2010,"Finland","Year","Total","Healthy life years in absolute value at birth",58.2,FALSE
2010,"Finland","Year","Males","Healthy life years in absolute value at birth",58.5,FALSE
2010,"Finland","Year","Females","Healthy life years in absolute value at birth",57.9,FALSE
2010,"Sweden","Year","Total","Healthy life years in absolute value at birth",66.1,FALSE
2010,"Sweden","Year","Males","Healthy life years in absolute value at birth",66.6,FALSE
2010,"Sweden","Year","Females","Healthy life years in absolute value at birth",65.5,FALSE
2010,"Iceland","Year","Total","Healthy life years in absolute value at birth",68.8,FALSE
2010,"Iceland","Year","Males","Healthy life years in absolute value at birth",69.3,FALSE
2010,"Iceland","Year","Females","Healthy life years in absolute value at birth",68.1,FALSE
2010,"Norway","Year","Total","Healthy life years in absolute value at birth",69.9,FALSE
2010,"Norway","Year","Males","Healthy life years in absolute value at birth",69.8,FALSE
2010,"Norway","Year","Females","Healthy life years in absolute value at birth",69.8,FALSE
2010,"Switzerland","Year","Total","Healthy life years in absolute value at birth",64.5,FALSE
2010,"Switzerland","Year","Males","Healthy life years in absolute value at birth",65.5,FALSE
2010,"Switzerland","Year","Females","Healthy life years in absolute value at birth",63.3,FALSE
2010,"United Kingdom","Year","Total","Healthy life years in absolute value at birth",65.3,FALSE
2010,"United Kingdom","Year","Males","Healthy life years in absolute value at birth",64.9,FALSE
2010,"United Kingdom","Year","Females","Healthy life years in absolute value at birth",65.6,FALSE
2011,"European Union - 27 countries (from 2020)","Year","Total","Healthy life years in absolute value at birth",61.4,FALSE
2011,"European Union - 27 countries (from 2020)","Year","Males","Healthy life years in absolute value at birth",61.1,FALSE
2011,"European Union - 27 countries (from 2020)","Year","Females","Healthy life years in absolute value at birth",61.7,FALSE
2011,"European Union - 28 countries (2013-2020)","Year","Total","Healthy life years in absolute value at birth",61.8,FALSE
2011,"European Union - 28 countries (2013-2020)","Year","Males","Healthy life years in absolute value at birth",61.6,FALSE
2011,"European Union - 28 countries (2013-2020)","Year","Females","Healthy life years in absolute value at birth",62.1,FALSE
2011,"Belgium","Year","Total","Healthy life years in absolute value at birth",63.5,FALSE
2011,"Belgium","Year","Males","Healthy life years in absolute value at birth",63.4,FALSE
2011,"Belgium","Year","Females","Healthy life years in absolute value at birth",63.6,FALSE
2011,"Bulgaria","Year","Total","Healthy life years in absolute value at birth",64,FALSE
2011,"Bulgaria","Year","Males","Healthy life years in absolute value at birth",62.1,FALSE
2011,"Bulgaria","Year","Females","Healthy life years in absolute value at birth",65.9,FALSE
2011,"Czechia","Year","Total","Healthy life years in absolute value at birth",62.9,FALSE
2011,"Czechia","Year","Males","Healthy life years in absolute value at birth",62.2,FALSE
2011,"Czechia","Year","Females","Healthy life years in absolute value at birth",63.6,FALSE
2011,"Denmark","Year","Total","Healthy life years in absolute value at birth",61.8,FALSE
2011,"Denmark","Year","Males","Healthy life years in absolute value at birth",63.7,FALSE
2011,"Denmark","Year","Females","Healthy life years in absolute value at birth",59.9,FALSE
2011,"Germany (until 1990 former territory of the FRG)","Year","Total","Healthy life years in absolute value at birth",58.2,FALSE
2011,"Germany (until 1990 former territory of the FRG)","Year","Males","Healthy life years in absolute value at birth",57.8,FALSE
2011,"Germany (until 1990 former territory of the FRG)","Year","Females","Healthy life years in absolute value at birth",58.6,FALSE
2011,"Estonia","Year","Total","Healthy life years in absolute value at birth",56.1,FALSE
2011,"Estonia","Year","Males","Healthy life years in absolute value at birth",54.2,FALSE
2011,"Estonia","Year","Females","Healthy life years in absolute value at birth",57.9,FALSE
2011,"Ireland","Year","Total","Healthy life years in absolute value at birth",67.2,FALSE
2011,"Ireland","Year","Males","Healthy life years in absolute value at birth",66.1,FALSE
2011,"Ireland","Year","Females","Healthy life years in absolute value at birth",68.3,FALSE
2011,"Greece","Year","Total","Healthy life years in absolute value at birth",66.6,FALSE
2011,"Greece","Year","Males","Healthy life years in absolute value at birth",66.2,FALSE
2011,"Greece","Year","Females","Healthy life years in absolute value at birth",66.9,FALSE
2011,"Spain","Year","Total","Healthy life years in absolute value at birth",65.5,FALSE
2011,"Spain","Year","Males","Healthy life years in absolute value at birth",65.4,FALSE
2011,"Spain","Year","Females","Healthy life years in absolute value at birth",65.6,FALSE
2011,"France","Year","Total","Healthy life years in absolute value at birth",63.1,FALSE
2011,"France","Year","Males","Healthy life years in absolute value at birth",62.7,FALSE
2011,"France","Year","Females","Healthy life years in absolute value at birth",63.6,FALSE
2011,"Croatia","Year","Total","Healthy life years in absolute value at birth",60.7,FALSE
2011,"Croatia","Year","Males","Healthy life years in absolute value at birth",59.8,FALSE
2011,"Croatia","Year","Females","Healthy life years in absolute value at birth",61.7,FALSE
2011,"Italy","Year","Total","Healthy life years in absolute value at birth",63,FALSE
2011,"Italy","Year","Males","Healthy life years in absolute value at birth",63.6,FALSE
2011,"Italy","Year","Females","Healthy life years in absolute value at birth",62.5,FALSE
2011,"Cyprus","Year","Total","Healthy life years in absolute value at birth",61.3,FALSE
2011,"Cyprus","Year","Males","Healthy life years in absolute value at birth",61.6,FALSE
2011,"Cyprus","Year","Females","Healthy life years in absolute value at birth",61,FALSE
2011,"Latvia","Year","Total","Healthy life years in absolute value at birth",55.1,FALSE
2011,"Latvia","Year","Males","Healthy life years in absolute value at birth",53.6,FALSE
2011,"Latvia","Year","Females","Healthy life years in absolute value at birth",56.6,FALSE
2011,"Lithuania","Year","Total","Healthy life years in absolute value at birth",59.5,FALSE
2011,"Lithuania","Year","Males","Healthy life years in absolute value at birth",57,FALSE
2011,"Lithuania","Year","Females","Healthy life years in absolute value at birth",62,FALSE
2011,"Luxembourg","Year","Total","Healthy life years in absolute value at birth",66.5,FALSE
2011,"Luxembourg","Year","Males","Healthy life years in absolute value at birth",65.8,FALSE
2011,"Luxembourg","Year","Females","Healthy life years in absolute value at birth",67.1,FALSE
2011,"Hungary","Year","Total","Healthy life years in absolute value at birth",58.4,FALSE
2011,"Hungary","Year","Males","Healthy life years in absolute value at birth",57.7,FALSE
2011,"Hungary","Year","Females","Healthy life years in absolute value at birth",59.2,FALSE
2011,"Malta","Year","Total","Healthy life years in absolute value at birth",70.3,FALSE
2011,"Malta","Year","Males","Healthy life years in absolute value at birth",69.9,FALSE
2011,"Malta","Year","Females","Healthy life years in absolute value at birth",70.7,FALSE
2011,"Netherlands","Year","Total","Healthy life years in absolute value at birth",61.5,FALSE
2011,"Netherlands","Year","Males","Healthy life years in absolute value at birth",64,FALSE
2011,"Netherlands","Year","Females","Healthy life years in absolute value at birth",59,FALSE
2011,"Austria","Year","Total","Healthy life years in absolute value at birth",59.8,FALSE
2011,"Austria","Year","Males","Healthy life years in absolute value at birth",59.5,FALSE
2011,"Austria","Year","Females","Healthy life years in absolute value at birth",60.1,FALSE
2011,"Poland","Year","Total","Healthy life years in absolute value at birth",61.1,FALSE
2011,"Poland","Year","Males","Healthy life years in absolute value at birth",59.1,FALSE
2011,"Poland","Year","Females","Healthy life years in absolute value at birth",63.2,FALSE
2011,"Portugal","Year","Total","Healthy life years in absolute value at birth",59.6,FALSE
2011,"Portugal","Year","Males","Healthy life years in absolute value at birth",60.7,FALSE
2011,"Portugal","Year","Females","Healthy life years in absolute value at birth",58.6,FALSE
2011,"Romania","Year","Total","Healthy life years in absolute value at birth",57.5,FALSE
2011,"Romania","Year","Males","Healthy life years in absolute value at birth",57.4,FALSE
2011,"Romania","Year","Females","Healthy life years in absolute value at birth",57,FALSE
2011,"Slovenia","Year","Total","Healthy life years in absolute value at birth",53.9,FALSE
2011,"Slovenia","Year","Males","Healthy life years in absolute value at birth",54,FALSE
2011,"Slovenia","Year","Females","Healthy life years in absolute value at birth",53.8,FALSE
2011,"Slovakia","Year","Total","Healthy life years in absolute value at birth",52.2,FALSE
2011,"Slovakia","Year","Males","Healthy life years in absolute value at birth",52.1,FALSE
2011,"Slovakia","Year","Females","Healthy life years in absolute value at birth",52.3,FALSE
2011,"Finland","Year","Total","Healthy life years in absolute value at birth",58,FALSE
2011,"Finland","Year","Males","Healthy life years in absolute value at birth",57.7,FALSE
2011,"Finland","Year","Females","Healthy life years in absolute value at birth",58.3,FALSE
2011,"Sweden","Year","Total","Healthy life years in absolute value at birth",65.5,FALSE
2011,"Sweden","Year","Males","Healthy life years in absolute value at birth",66.3,FALSE
2011,"Sweden","Year","Females","Healthy life years in absolute value at birth",64.6,FALSE
2011,"Iceland","Year","Total","Healthy life years in absolute value at birth",68.5,FALSE
2011,"Iceland","Year","Males","Healthy life years in absolute value at birth",69.1,FALSE
2011,"Iceland","Year","Females","Healthy life years in absolute value at birth",67.7,FALSE
2011,"Norway","Year","Total","Healthy life years in absolute value at birth",75.1,FALSE
2011,"Norway","Year","Males","Healthy life years in absolute value at birth",74,FALSE
2011,"Norway","Year","Females","Healthy life years in absolute value at birth",76.1,FALSE
2011,"Switzerland","Year","Total","Healthy life years in absolute value at birth",65.5,FALSE
2011,"Switzerland","Year","Males","Healthy life years in absolute value at birth",66.3,FALSE
2011,"Switzerland","Year","Females","Healthy life years in absolute value at birth",64.7,FALSE
2011,"United Kingdom","Year","Total","Healthy life years in absolute value at birth",65.2,FALSE
2011,"United Kingdom","Year","Males","Healthy life years in absolute value at birth",65.2,FALSE
2011,"United Kingdom","Year","Females","Healthy life years in absolute value at birth",65.2,FALSE
2012,"European Union - 27 countries (from 2020)","Year","Total","Healthy life years in absolute value at birth",61.3,FALSE
2012,"European Union - 27 countries (from 2020)","Year","Males","Healthy life years in absolute value at birth",61,FALSE
2012,"European Union - 27 countries (from 2020)","Year","Females","Healthy life years in absolute value at birth",61.7,FALSE
2012,"European Union - 28 countries (2013-2020)","Year","Total","Healthy life years in absolute value at birth",61.7,FALSE
2012,"European Union - 28 countries (2013-2020)","Year","Males","Healthy life years in absolute value at birth",61.4,FALSE
2012,"European Union - 28 countries (2013-2020)","Year","Females","Healthy life years in absolute value at birth",62,FALSE
2012,"Belgium","Year","Total","Healthy life years in absolute value at birth",64.6,FALSE
2012,"Belgium","Year","Males","Healthy life years in absolute value at birth",64.2,FALSE
2012,"Belgium","Year","Females","Healthy life years in absolute value at birth",65,FALSE
2012,"Bulgaria","Year","Total","Healthy life years in absolute value at birth",63.9,FALSE
2012,"Bulgaria","Year","Males","Healthy life years in absolute value at birth",62.1,FALSE
2012,"Bulgaria","Year","Females","Healthy life years in absolute value at birth",65.7,FALSE
2012,"Czechia","Year","Total","Healthy life years in absolute value at birth",63.2,FALSE
2012,"Czechia","Year","Males","Healthy life years in absolute value at birth",62.3,FALSE
2012,"Czechia","Year","Females","Healthy life years in absolute value at birth",64.1,FALSE
2012,"Denmark","Year","Total","Healthy life years in absolute value at birth",61.4,FALSE
2012,"Denmark","Year","Males","Healthy life years in absolute value at birth",61.2,FALSE
2012,"Denmark","Year","Females","Healthy life years in absolute value at birth",61.5,FALSE
2012,"Germany (until 1990 former territory of the FRG)","Year","Total","Healthy life years in absolute value at birth",57.6,FALSE
2012,"Germany (until 1990 former territory of the FRG)","Year","Males","Healthy life years in absolute value at birth",57.3,FALSE
2012,"Germany (until 1990 former territory of the FRG)","Year","Females","Healthy life years in absolute value at birth",57.9,FALSE
2012,"Estonia","Year","Total","Healthy life years in absolute value at birth",55.1,FALSE
2012,"Estonia","Year","Males","Healthy life years in absolute value at birth",53.1,FALSE
2012,"Estonia","Year","Females","Healthy life years in absolute value at birth",57.2,FALSE
2012,"Ireland","Year","Total","Healthy life years in absolute value at birth",67.2,FALSE
2012,"Ireland","Year","Males","Healthy life years in absolute value at birth",66,FALSE
2012,"Ireland","Year","Females","Healthy life years in absolute value at birth",68.5,FALSE
2012,"Greece","Year","Total","Healthy life years in absolute value at birth",64.9,FALSE
2012,"Greece","Year","Males","Healthy life years in absolute value at birth",64.8,FALSE
2012,"Greece","Year","Females","Healthy life years in absolute value at birth",64.9,FALSE
2012,"Spain","Year","Total","Healthy life years in absolute value at birth",65.3,FALSE
2012,"Spain","Year","Males","Healthy life years in absolute value at birth",64.8,FALSE
2012,"Spain","Year","Females","Healthy life years in absolute value at birth",65.8,FALSE
2012,"France","Year","Total","Healthy life years in absolute value at birth",63.2,FALSE
2012,"France","Year","Males","Healthy life years in absolute value at birth",62.6,FALSE
2012,"France","Year","Females","Healthy life years in absolute value at birth",63.8,FALSE
2012,"Croatia","Year","Total","Healthy life years in absolute value at birth",63.1,FALSE
2012,"Croatia","Year","Males","Healthy life years in absolute value at birth",61.9,FALSE
2012,"Croatia","Year","Females","Healthy life years in absolute value at birth",64.2,FALSE
2012,"Italy","Year","Total","Healthy life years in absolute value at birth",61.8,FALSE
2012,"Italy","Year","Males","Healthy life years in absolute value at birth",62.1,FALSE
2012,"Italy","Year","Females","Healthy life years in absolute value at birth",61.4,FALSE
2012,"Cyprus","Year","Total","Healthy life years in absolute value at birth",63.7,FALSE
2012,"Cyprus","Year","Males","Healthy life years in absolute value at birth",63.4,FALSE
2012,"Cyprus","Year","Females","Healthy life years in absolute value at birth",64,FALSE
2012,"Latvia","Year","Total","Healthy life years in absolute value at birth",56.8,FALSE
2012,"Latvia","Year","Males","Healthy life years in absolute value at birth",54.6,FALSE
2012,"Latvia","Year","Females","Healthy life years in absolute value at birth",59,FALSE
2012,"Lithuania","Year","Total","Healthy life years in absolute value at birth",59.1,FALSE
2012,"Lithuania","Year","Males","Healthy life years in absolute value at birth",56.6,FALSE
2012,"Lithuania","Year","Females","Healthy life years in absolute value at birth",61.6,FALSE
2012,"Luxembourg","Year","Total","Healthy life years in absolute value at birth",66.1,FALSE
2012,"Luxembourg","Year","Males","Healthy life years in absolute value at birth",65.8,FALSE
2012,"Luxembourg","Year","Females","Healthy life years in absolute value at birth",66.4,FALSE
2012,"Hungary","Year","Total","Healthy life years in absolute value at birth",59.8,FALSE
2012,"Hungary","Year","Males","Healthy life years in absolute value at birth",59.1,FALSE
2012,"Hungary","Year","Females","Healthy life years in absolute value at birth",60.4,FALSE
2012,"Malta","Year","Total","Healthy life years in absolute value at birth",71.9,FALSE
2012,"Malta","Year","Males","Healthy life years in absolute value at birth",71.5,FALSE
2012,"Malta","Year","Females","Healthy life years in absolute value at birth",72.2,FALSE
2012,"Netherlands","Year","Total","Healthy life years in absolute value at birth",61.2,FALSE
2012,"Netherlands","Year","Males","Healthy life years in absolute value at birth",63.5,FALSE
2012,"Netherlands","Year","Females","Healthy life years in absolute value at birth",58.9,FALSE
2012,"Austria","Year","Total","Healthy life years in absolute value at birth",61.4,FALSE
2012,"Austria","Year","Males","Healthy life years in absolute value at birth",60.2,FALSE
2012,"Austria","Year","Females","Healthy life years in absolute value at birth",62.5,FALSE
2012,"Poland","Year","Total","Healthy life years in absolute value at birth",61,FALSE
2012,"Poland","Year","Males","Healthy life years in absolute value at birth",59.1,FALSE
2012,"Poland","Year","Females","Healthy life years in absolute value at birth",62.8,FALSE
2012,"Portugal","Year","Total","Healthy life years in absolute value at birth",63.6,FALSE
2012,"Portugal","Year","Males","Healthy life years in absolute value at birth",64.5,FALSE
2012,"Portugal","Year","Females","Healthy life years in absolute value at birth",62.6,FALSE
2012,"Romania","Year","Total","Healthy life years in absolute value at birth",57.6,FALSE
2012,"Romania","Year","Males","Healthy life years in absolute value at birth",57.6,FALSE
2012,"Romania","Year","Females","Healthy life years in absolute value at birth",57.6,FALSE
2012,"Slovenia","Year","Total","Healthy life years in absolute value at birth",56,FALSE
2012,"Slovenia","Year","Males","Healthy life years in absolute value at birth",56.5,FALSE
2012,"Slovenia","Year","Females","Healthy life years in absolute value at birth",55.6,FALSE
2012,"Slovakia","Year","Total","Healthy life years in absolute value at birth",53.3,FALSE
2012,"Slovakia","Year","Males","Healthy life years in absolute value at birth",53.4,FALSE
2012,"Slovakia","Year","Females","Healthy life years in absolute value at birth",53.1,FALSE
2012,"Finland","Year","Total","Healthy life years in absolute value at birth",56.7,FALSE
2012,"Finland","Year","Males","Healthy life years in absolute value at birth",57.3,FALSE
2012,"Finland","Year","Females","Healthy life years in absolute value at birth",56.2,FALSE
2012,"Sweden","Year","Total","Healthy life years in absolute value at birth",65.8,TRUE
2012,"Sweden","Year","Males","Healthy life years in absolute value at birth",66.4,TRUE
2012,"Sweden","Year","Females","Healthy life years in absolute value at birth",65,TRUE
2012,"Iceland","Year","Total","Healthy life years in absolute value at birth",69.3,FALSE
2012,"Iceland","Year","Males","Healthy life years in absolute value at birth",70.4,FALSE
2012,"Iceland","Year","Females","Healthy life years in absolute value at birth",68,FALSE
2012,"Norway","Year","Total","Healthy life years in absolute value at birth",71.3,FALSE
2012,"Norway","Year","Males","Healthy life years in absolute value at birth",71.9,FALSE
2012,"Norway","Year","Females","Healthy life years in absolute value at birth",70.4,FALSE
2012,"Switzerland","Year","Total","Healthy life years in absolute value at birth",68.2,FALSE
2012,"Switzerland","Year","Males","Healthy life years in absolute value at birth",68.6,FALSE
2012,"Switzerland","Year","Females","Healthy life years in absolute value at birth",67.6,FALSE
2012,"United Kingdom","Year","Total","Healthy life years in absolute value at birth",64.5,FALSE
2012,"United Kingdom","Year","Males","Healthy life years in absolute value at birth",64.6,FALSE
2012,"United Kingdom","Year","Females","Healthy life years in absolute value at birth",64.5,FALSE
2013,"European Union - 27 countries (from 2020)","Year","Total","Healthy life years in absolute value at birth",61,FALSE
2013,"European Union - 27 countries (from 2020)","Year","Males","Healthy life years in absolute value at birth",60.9,FALSE
2013,"European Union - 27 countries (from 2020)","Year","Females","Healthy life years in absolute value at birth",61.1,FALSE
2013,"European Union - 28 countries (2013-2020)","Year","Total","Healthy life years in absolute value at birth",61.4,FALSE
2013,"European Union - 28 countries (2013-2020)","Year","Males","Healthy life years in absolute value at birth",61.3,FALSE
2013,"European Union - 28 countries (2013-2020)","Year","Females","Healthy life years in absolute value at birth",61.5,FALSE
2013,"Belgium","Year","Total","Healthy life years in absolute value at birth",63.9,FALSE
2013,"Belgium","Year","Males","Healthy life years in absolute value at birth",64,FALSE
2013,"Belgium","Year","Females","Healthy life years in absolute value at birth",63.7,FALSE
2013,"Bulgaria","Year","Total","Healthy life years in absolute value at birth",64.5,FALSE
2013,"Bulgaria","Year","Males","Healthy life years in absolute value at birth",62.4,FALSE
2013,"Bulgaria","Year","Females","Healthy life years in absolute value at birth",66.6,FALSE
2013,"Czechia","Year","Total","Healthy life years in absolute value at birth",63.3,FALSE
2013,"Czechia","Year","Males","Healthy life years in absolute value at birth",62.5,FALSE
2013,"Czechia","Year","Females","Healthy life years in absolute value at birth",64.2,FALSE
2013,"Denmark","Year","Total","Healthy life years in absolute value at birth",60.5,FALSE
2013,"Denmark","Year","Males","Healthy life years in absolute value at birth",60.7,FALSE
2013,"Denmark","Year","Females","Healthy life years in absolute value at birth",60.1,FALSE
2013,"Germany (until 1990 former territory of the FRG)","Year","Total","Healthy life years in absolute value at birth",57.4,FALSE
2013,"Germany (until 1990 former territory of the FRG)","Year","Males","Healthy life years in absolute value at birth",57.7,FALSE
2013,"Germany (until 1990 former territory of the FRG)","Year","Females","Healthy life years in absolute value at birth",57,FALSE
2013,"Estonia","Year","Total","Healthy life years in absolute value at birth",55.5,FALSE
2013,"Estonia","Year","Males","Healthy life years in absolute value at birth",53.9,FALSE
2013,"Estonia","Year","Females","Healthy life years in absolute value at birth",57.1,FALSE
2013,"Ireland","Year","Total","Healthy life years in absolute value at birth",66.9,FALSE
2013,"Ireland","Year","Males","Healthy life years in absolute value at birth",65.7,FALSE
2013,"Ireland","Year","Females","Healthy life years in absolute value at birth",68,FALSE
2013,"Greece","Year","Total","Healthy life years in absolute value at birth",64.9,FALSE
2013,"Greece","Year","Males","Healthy life years in absolute value at birth",64.7,FALSE
2013,"Greece","Year","Females","Healthy life years in absolute value at birth",65.1,FALSE
2013,"Spain","Year","Total","Healthy life years in absolute value at birth",64.3,FALSE
2013,"Spain","Year","Males","Healthy life years in absolute value at birth",64.7,FALSE
2013,"Spain","Year","Females","Healthy life years in absolute value at birth",63.9,FALSE
2013,"France","Year","Total","Healthy life years in absolute value at birth",63.6,FALSE
2013,"France","Year","Males","Healthy life years in absolute value at birth",63,FALSE
2013,"France","Year","Females","Healthy life years in absolute value at birth",64.3,FALSE
2013,"Croatia","Year","Total","Healthy life years in absolute value at birth",59,FALSE
2013,"Croatia","Year","Males","Healthy life years in absolute value at birth",57.6,FALSE
2013,"Croatia","Year","Females","Healthy life years in absolute value at birth",60.4,FALSE
2013,"Italy","Year","Total","Healthy life years in absolute value at birth",61.6,FALSE
2013,"Italy","Year","Males","Healthy life years in absolute value at birth",62,FALSE
2013,"Italy","Year","Females","Healthy life years in absolute value at birth",61.2,FALSE
2013,"Cyprus","Year","Total","Healthy life years in absolute value at birth",64.7,FALSE
2013,"Cyprus","Year","Males","Healthy life years in absolute value at birth",64.3,FALSE
2013,"Cyprus","Year","Females","Healthy life years in absolute value at birth",65,FALSE
2013,"Latvia","Year","Total","Healthy life years in absolute value at birth",53,FALSE
2013,"Latvia","Year","Males","Healthy life years in absolute value at birth",51.7,FALSE
2013,"Latvia","Year","Females","Healthy life years in absolute value at birth",54.2,FALSE
2013,"Lithuania","Year","Total","Healthy life years in absolute value at birth",59.2,FALSE
2013,"Lithuania","Year","Males","Healthy life years in absolute value at birth",56.8,FALSE
2013,"Lithuania","Year","Females","Healthy life years in absolute value at birth",61.6,FALSE
2013,"Luxembourg","Year","Total","Healthy life years in absolute value at birth",63.3,FALSE
2013,"Luxembourg","Year","Males","Healthy life years in absolute value at birth",63.8,FALSE
2013,"Luxembourg","Year","Females","Healthy life years in absolute value at birth",62.9,FALSE
2013,"Hungary","Year","Total","Healthy life years in absolute value at birth",59.5,FALSE
2013,"Hungary","Year","Males","Healthy life years in absolute value at birth",59,FALSE
2013,"Hungary","Year","Females","Healthy life years in absolute value at birth",60.1,FALSE
2013,"Malta","Year","Total","Healthy life years in absolute value at birth",72.1,FALSE
2013,"Malta","Year","Males","Healthy life years in absolute value at birth",71.6,FALSE
2013,"Malta","Year","Females","Healthy life years in absolute value at birth",72.7,FALSE
2013,"Netherlands","Year","Total","Healthy life years in absolute value at birth",59.5,FALSE
2013,"Netherlands","Year","Males","Healthy life years in absolute value at birth",61.4,FALSE
2013,"Netherlands","Year","Females","Healthy life years in absolute value at birth",57.5,FALSE
2013,"Austria","Year","Total","Healthy life years in absolute value at birth",59.9,FALSE
2013,"Austria","Year","Males","Healthy life years in absolute value at birth",59.7,FALSE
2013,"Austria","Year","Females","Healthy life years in absolute value at birth",60.2,FALSE
2013,"Poland","Year","Total","Healthy life years in absolute value at birth",61,FALSE
2013,"Poland","Year","Males","Healthy life years in absolute value at birth",59.2,FALSE
2013,"Poland","Year","Females","Healthy life years in absolute value at birth",62.7,FALSE
2013,"Portugal","Year","Total","Healthy life years in absolute value at birth",63,FALSE
2013,"Portugal","Year","Males","Healthy life years in absolute value at birth",63.9,FALSE
2013,"Portugal","Year","Females","Healthy life years in absolute value at birth",62.2,FALSE
2013,"Romania","Year","Total","Healthy life years in absolute value at birth",58.4,FALSE
2013,"Romania","Year","Males","Healthy life years in absolute value at birth",58.8,FALSE
2013,"Romania","Year","Females","Healthy life years in absolute value at birth",58.1,FALSE
2013,"Slovenia","Year","Total","Healthy life years in absolute value at birth",58.5,FALSE
2013,"Slovenia","Year","Males","Healthy life years in absolute value at birth",57.6,FALSE
2013,"Slovenia","Year","Females","Healthy life years in absolute value at birth",59.5,FALSE
2013,"Slovakia","Year","Total","Healthy life years in absolute value at birth",54.4,FALSE
2013,"Slovakia","Year","Males","Healthy life years in absolute value at birth",54.5,FALSE
2013,"Slovakia","Year","Females","Healthy life years in absolute value at birth",54.3,FALSE
2013,"Finland","Year","Total","Healthy life years in absolute value at birth",58,TRUE
2013,"Finland","Year","Males","Healthy life years in absolute value at birth",57.7,TRUE
2013,"Finland","Year","Females","Healthy life years in absolute value at birth",57.5,TRUE
2013,"Sweden","Year","Total","Healthy life years in absolute value at birth",65.8,FALSE
2013,"Sweden","Year","Males","Healthy life years in absolute value at birth",66.4,FALSE
2013,"Sweden","Year","Females","Healthy life years in absolute value at birth",65,FALSE
2013,"Iceland","Year","Total","Healthy life years in absolute value at birth",69.3,FALSE
2013,"Iceland","Year","Males","Healthy life years in absolute value at birth",71.7,FALSE
2013,"Iceland","Year","Females","Healthy life years in absolute value at birth",66.7,FALSE
2013,"Norway","Year","Total","Healthy life years in absolute value at birth",70,FALSE
2013,"Norway","Year","Males","Healthy life years in absolute value at birth",71,FALSE
2013,"Norway","Year","Females","Healthy life years in absolute value at birth",68.6,FALSE
2013,"Switzerland","Year","Total","Healthy life years in absolute value at birth",60,FALSE
2013,"Switzerland","Year","Males","Healthy life years in absolute value at birth",61.5,FALSE
2013,"Switzerland","Year","Females","Healthy life years in absolute value at birth",58.4,FALSE
2013,"United Kingdom","Year","Total","Healthy life years in absolute value at birth",64.6,FALSE
2013,"United Kingdom","Year","Males","Healthy life years in absolute value at birth",64.4,FALSE
2013,"United Kingdom","Year","Females","Healthy life years in absolute value at birth",64.8,FALSE
2014,"European Union - 27 countries (from 2020)","Year","Total","Healthy life years in absolute value at birth",61.3,FALSE
2014,"European Union - 27 countries (from 2020)","Year","Males","Healthy life years in absolute value at birth",61.1,FALSE
2014,"European Union - 27 countries (from 2020)","Year","Females","Healthy life years in absolute value at birth",61.4,FALSE
2014,"European Union - 28 countries (2013-2020)","Year","Total","Healthy life years in absolute value at birth",61.5,FALSE
2014,"European Union - 28 countries (2013-2020)","Year","Males","Healthy life years in absolute value at birth",61.3,FALSE
2014,"European Union - 28 countries (2013-2020)","Year","Females","Healthy life years in absolute value at birth",61.7,FALSE
2014,"Belgium","Year","Total","Healthy life years in absolute value at birth",64.1,FALSE
2014,"Belgium","Year","Males","Healthy life years in absolute value at birth",64.4,FALSE
2014,"Belgium","Year","Females","Healthy life years in absolute value at birth",63.7,FALSE
2014,"Bulgaria","Year","Total","Healthy life years in absolute value at birth",64,FALSE
2014,"Bulgaria","Year","Males","Healthy life years in absolute value at birth",62,FALSE
2014,"Bulgaria","Year","Females","Healthy life years in absolute value at birth",66.1,FALSE
2014,"Czechia","Year","Total","Healthy life years in absolute value at birth",64.1,FALSE
2014,"Czechia","Year","Males","Healthy life years in absolute value at birth",63.4,FALSE
2014,"Czechia","Year","Females","Healthy life years in absolute value at birth",65,FALSE
2014,"Denmark","Year","Total","Healthy life years in absolute value at birth",60.9,FALSE
2014,"Denmark","Year","Males","Healthy life years in absolute value at birth",60.3,FALSE
2014,"Denmark","Year","Females","Healthy life years in absolute value at birth",61.4,FALSE
2014,"Germany (until 1990 former territory of the FRG)","Year","Total","Healthy life years in absolute value at birth",56.5,FALSE
2014,"Germany (until 1990 former territory of the FRG)","Year","Males","Healthy life years in absolute value at birth",56.4,FALSE
2014,"Germany (until 1990 former territory of the FRG)","Year","Females","Healthy life years in absolute value at birth",56.5,FALSE
2014,"Estonia","Year","Total","Healthy life years in absolute value at birth",55.2,FALSE
2014,"Estonia","Year","Males","Healthy life years in absolute value at birth",53.2,FALSE
2014,"Estonia","Year","Females","Healthy life years in absolute value at birth",57.1,FALSE
2014,"Ireland","Year","Total","Healthy life years in absolute value at birth",66.9,FALSE
2014,"Ireland","Year","Males","Healthy life years in absolute value at birth",66.3,FALSE
2014,"Ireland","Year","Females","Healthy life years in absolute value at birth",67.5,FALSE
2014,"Greece","Year","Total","Healthy life years in absolute value at birth",64.5,FALSE
2014,"Greece","Year","Males","Healthy life years in absolute value at birth",64.1,FALSE
2014,"Greece","Year","Females","Healthy life years in absolute value at birth",64.9,FALSE
2014,"Spain","Year","Total","Healthy life years in absolute value at birth",65,FALSE
2014,"Spain","Year","Males","Healthy life years in absolute value at birth",65,FALSE
2014,"Spain","Year","Females","Healthy life years in absolute value at birth",65,FALSE
2014,"France","Year","Total","Healthy life years in absolute value at birth",63.8,FALSE
2014,"France","Year","Males","Healthy life years in absolute value at birth",63.4,FALSE
2014,"France","Year","Females","Healthy life years in absolute value at birth",64.2,FALSE
2014,"Croatia","Year","Total","Healthy life years in absolute value at birth",59.3,FALSE
2014,"Croatia","Year","Males","Healthy life years in absolute value at birth",58.6,FALSE
2014,"Croatia","Year","Females","Healthy life years in absolute value at birth",60,FALSE
2014,"Italy","Year","Total","Healthy life years in absolute value at birth",62.4,FALSE
2014,"Italy","Year","Males","Healthy life years in absolute value at birth",62.5,FALSE
2014,"Italy","Year","Females","Healthy life years in absolute value at birth",62.3,FALSE
2014,"Cyprus","Year","Total","Healthy life years in absolute value at birth",66,FALSE
2014,"Cyprus","Year","Males","Healthy life years in absolute value at birth",65.8,FALSE
2014,"Cyprus","Year","Females","Healthy life years in absolute value at birth",66.1,FALSE
2014,"Latvia","Year","Total","Healthy life years in absolute value at birth",53.4,FALSE
2014,"Latvia","Year","Males","Healthy life years in absolute value at birth",51.5,FALSE
2014,"Latvia","Year","Females","Healthy life years in absolute value at birth",55.3,FALSE
2014,"Lithuania","Year","Total","Healthy life years in absolute value at birth",59.7,FALSE
2014,"Lithuania","Year","Males","Healthy life years in absolute value at birth",57.6,FALSE
2014,"Lithuania","Year","Females","Healthy life years in absolute value at birth",61.7,FALSE
2014,"Luxembourg","Year","Total","Healthy life years in absolute value at birth",63.8,FALSE
2014,"Luxembourg","Year","Males","Healthy life years in absolute value at birth",64,FALSE
2014,"Luxembourg","Year","Females","Healthy life years in absolute value at birth",63.5,FALSE
2014,"Hungary","Year","Total","Healthy life years in absolute value at birth",59.9,FALSE
2014,"Hungary","Year","Males","Healthy life years in absolute value at birth",59.1,FALSE
2014,"Hungary","Year","Females","Healthy life years in absolute value at birth",60.6,FALSE
2014,"Malta","Year","Total","Healthy life years in absolute value at birth",73.4,FALSE
2014,"Malta","Year","Males","Healthy life years in absolute value at birth",72.3,FALSE
2014,"Malta","Year","Females","Healthy life years in absolute value at birth",74.5,FALSE
2014,"Netherlands","Year","Total","Healthy life years in absolute value at birth",61.2,FALSE
2014,"Netherlands","Year","Males","Healthy life years in absolute value at birth",63.3,FALSE
2014,"Netherlands","Year","Females","Healthy life years in absolute value at birth",59,FALSE
2014,"Austria","Year","Total","Healthy life years in absolute value at birth",57.7,FALSE
2014,"Austria","Year","Males","Healthy life years in absolute value at birth",57.6,FALSE
2014,"Austria","Year","Females","Healthy life years in absolute value at birth",57.8,FALSE
2014,"Poland","Year","Total","Healthy life years in absolute value at birth",61.3,FALSE
2014,"Poland","Year","Males","Healthy life years in absolute value at birth",59.8,FALSE
2014,"Poland","Year","Females","Healthy life years in absolute value at birth",62.7,FALSE
2014,"Portugal","Year","Total","Healthy life years in absolute value at birth",56.9,FALSE
2014,"Portugal","Year","Males","Healthy life years in absolute value at birth",58.4,FALSE
2014,"Portugal","Year","Females","Healthy life years in absolute value at birth",55.4,FALSE
2014,"Romania","Year","Total","Healthy life years in absolute value at birth",59,FALSE
2014,"Romania","Year","Males","Healthy life years in absolute value at birth",58.9,FALSE
2014,"Romania","Year","Females","Healthy life years in absolute value at birth",59.1,FALSE
2014,"Slovenia","Year","Total","Healthy life years in absolute value at birth",58.7,FALSE
2014,"Slovenia","Year","Males","Healthy life years in absolute value at birth",57.8,FALSE
2014,"Slovenia","Year","Females","Healthy life years in absolute value at birth",59.6,FALSE
2014,"Slovakia","Year","Total","Healthy life years in absolute value at birth",55.1,FALSE
2014,"Slovakia","Year","Males","Healthy life years in absolute value at birth",55.5,FALSE
2014,"Slovakia","Year","Females","Healthy life years in absolute value at birth",54.6,FALSE
2014,"Finland","Year","Total","Healthy life years in absolute value at birth",58.2,FALSE
2014,"Finland","Year","Males","Healthy life years in absolute value at birth",58.7,FALSE
2014,"Finland","Year","Females","Healthy life years in absolute value at birth",57.5,FALSE
2014,"Sweden","Year","Total","Healthy life years in absolute value at birth",72.9,FALSE
2014,"Sweden","Year","Males","Healthy life years in absolute value at birth",73,FALSE
2014,"Sweden","Year","Females","Healthy life years in absolute value at birth",72.8,FALSE
2014,"Iceland","Year","Total","Healthy life years in absolute value at birth",68.8,FALSE
2014,"Iceland","Year","Males","Healthy life years in absolute value at birth",70.8,FALSE
2014,"Iceland","Year","Females","Healthy life years in absolute value at birth",66.9,FALSE
2014,"Norway","Year","Total","Healthy life years in absolute value at birth",71.1,FALSE
2014,"Norway","Year","Males","Healthy life years in absolute value at birth",72.2,FALSE
2014,"Norway","Year","Females","Healthy life years in absolute value at birth",69.8,FALSE
2014,"Switzerland","Year","Total","Healthy life years in absolute value at birth",58.6,FALSE
2014,"Switzerland","Year","Males","Healthy life years in absolute value at birth",60.6,FALSE
2014,"Switzerland","Year","Females","Healthy life years in absolute value at birth",56.7,FALSE
2014,"United Kingdom","Year","Total","Healthy life years in absolute value at birth",63.8,FALSE
2014,"United Kingdom","Year","Males","Healthy life years in absolute value at birth",63.3,FALSE
2014,"United Kingdom","Year","Females","Healthy life years in absolute value at birth",64.2,FALSE
2015,"European Union - 27 countries (from 2020)","Year","Total","Healthy life years in absolute value at birth",62.8,FALSE
2015,"European Union - 27 countries (from 2020)","Year","Males","Healthy life years in absolute value at birth",62.4,FALSE
2015,"European Union - 27 countries (from 2020)","Year","Females","Healthy life years in absolute value at birth",63.3,FALSE
2015,"European Union - 28 countries (2013-2020)","Year","Total","Healthy life years in absolute value at birth",62.9,FALSE
2015,"European Union - 28 countries (2013-2020)","Year","Males","Healthy life years in absolute value at birth",62.6,FALSE
2015,"European Union - 28 countries (2013-2020)","Year","Females","Healthy life years in absolute value at birth",63.2,FALSE
2015,"Belgium","Year","Total","Healthy life years in absolute value at birth",64.2,FALSE
2015,"Belgium","Year","Males","Healthy life years in absolute value at birth",64.4,FALSE
2015,"Belgium","Year","Females","Healthy life years in absolute value at birth",64,FALSE
2015,"Bulgaria","Year","Total","Healthy life years in absolute value at birth",63.2,FALSE
2015,"Bulgaria","Year","Males","Healthy life years in absolute value at birth",61.5,FALSE
2015,"Bulgaria","Year","Females","Healthy life years in absolute value at birth",65,FALSE
2015,"Czechia","Year","Total","Healthy life years in absolute value at birth",63,FALSE
2015,"Czechia","Year","Males","Healthy life years in absolute value at birth",62.4,FALSE
2015,"Czechia","Year","Females","Healthy life years in absolute value at birth",63.7,FALSE
2015,"Denmark","Year","Total","Healthy life years in absolute value at birth",59.1,FALSE
2015,"Denmark","Year","Males","Healthy life years in absolute value at birth",60.4,FALSE
2015,"Denmark","Year","Females","Healthy life years in absolute value at birth",57.6,FALSE
2015,"Germany (until 1990 former territory of the FRG)","Year","Total","Healthy life years in absolute value at birth",66.4,FALSE
2015,"Germany (until 1990 former territory of the FRG)","Year","Males","Healthy life years in absolute value at birth",65.3,FALSE
2015,"Germany (until 1990 former territory of the FRG)","Year","Females","Healthy life years in absolute value at birth",67.5,FALSE
2015,"Estonia","Year","Total","Healthy life years in absolute value at birth",55,FALSE
2015,"Estonia","Year","Males","Healthy life years in absolute value at birth",53.8,FALSE
2015,"Estonia","Year","Females","Healthy life years in absolute value at birth",56.2,FALSE
2015,"Ireland","Year","Total","Healthy life years in absolute value at birth",67.2,FALSE
2015,"Ireland","Year","Males","Healthy life years in absolute value at birth",66.5,FALSE
2015,"Ireland","Year","Females","Healthy life years in absolute value at birth",68,FALSE
2015,"Greece","Year","Total","Healthy life years in absolute value at birth",64,FALSE
2015,"Greece","Year","Males","Healthy life years in absolute value at birth",63.9,FALSE
2015,"Greece","Year","Females","Healthy life years in absolute value at birth",64.1,FALSE
2015,"Spain","Year","Total","Healthy life years in absolute value at birth",64,FALSE
2015,"Spain","Year","Males","Healthy life years in absolute value at birth",63.9,FALSE
2015,"Spain","Year","Females","Healthy life years in absolute value at birth",64.1,FALSE
2015,"France","Year","Total","Healthy life years in absolute value at birth",63.6,FALSE
2015,"France","Year","Males","Healthy life years in absolute value at birth",62.6,FALSE
2015,"France","Year","Females","Healthy life years in absolute value at birth",64.6,FALSE
2015,"Croatia","Year","Total","Healthy life years in absolute value at birth",56.1,FALSE
2015,"Croatia","Year","Males","Healthy life years in absolute value at birth",55.3,FALSE
2015,"Croatia","Year","Females","Healthy life years in absolute value at birth",56.8,FALSE
2015,"Italy","Year","Total","Healthy life years in absolute value at birth",62.6,FALSE
2015,"Italy","Year","Males","Healthy life years in absolute value at birth",62.6,FALSE
2015,"Italy","Year","Females","Healthy life years in absolute value at birth",62.7,FALSE
2015,"Cyprus","Year","Total","Healthy life years in absolute value at birth",63.3,FALSE
2015,"Cyprus","Year","Males","Healthy life years in absolute value at birth",63.1,FALSE
2015,"Cyprus","Year","Females","Healthy life years in absolute value at birth",63.4,FALSE
2015,"Latvia","Year","Total","Healthy life years in absolute value at birth",53,FALSE
2015,"Latvia","Year","Males","Healthy life years in absolute value at birth",51.8,FALSE
2015,"Latvia","Year","Females","Healthy life years in absolute value at birth",54.1,FALSE
2015,"Lithuania","Year","Total","Healthy life years in absolute value at birth",56.5,FALSE
2015,"Lithuania","Year","Males","Healthy life years in absolute value at birth",54.1,FALSE
2015,"Lithuania","Year","Females","Healthy life years in absolute value at birth",58.8,FALSE
2015,"Luxembourg","Year","Total","Healthy life years in absolute value at birth",62.2,FALSE
2015,"Luxembourg","Year","Males","Healthy life years in absolute value at birth",63.7,FALSE
2015,"Luxembourg","Year","Females","Healthy life years in absolute value at birth",60.6,FALSE
2015,"Hungary","Year","Total","Healthy life years in absolute value at birth",59.1,FALSE
2015,"Hungary","Year","Males","Healthy life years in absolute value at birth",58.2,FALSE
2015,"Hungary","Year","Females","Healthy life years in absolute value at birth",60.1,FALSE
2015,"Malta","Year","Total","Healthy life years in absolute value at birth",73.6,FALSE
2015,"Malta","Year","Males","Healthy life years in absolute value at birth",72.6,FALSE
2015,"Malta","Year","Females","Healthy life years in absolute value at birth",74.6,FALSE
2015,"Netherlands","Year","Total","Healthy life years in absolute value at birth",59.1,FALSE
2015,"Netherlands","Year","Males","Healthy life years in absolute value at birth",61.1,FALSE
2015,"Netherlands","Year","Females","Healthy life years in absolute value at birth",57.2,FALSE
2015,"Austria","Year","Total","Healthy life years in absolute value at birth",58,FALSE
2015,"Austria","Year","Males","Healthy life years in absolute value at birth",57.9,FALSE
2015,"Austria","Year","Females","Healthy life years in absolute value at birth",58.1,FALSE
2015,"Poland","Year","Total","Healthy life years in absolute value at birth",61.6,FALSE
2015,"Poland","Year","Males","Healthy life years in absolute value at birth",60.1,FALSE
2015,"Poland","Year","Females","Healthy life years in absolute value at birth",63.2,FALSE
2015,"Portugal","Year","Total","Healthy life years in absolute value at birth",56.5,FALSE
2015,"Portugal","Year","Males","Healthy life years in absolute value at birth",58.2,FALSE
2015,"Portugal","Year","Females","Healthy life years in absolute value at birth",55,FALSE
2015,"Romania","Year","Total","Healthy life years in absolute value at birth",59.2,FALSE
2015,"Romania","Year","Males","Healthy life years in absolute value at birth",59,FALSE
2015,"Romania","Year","Females","Healthy life years in absolute value at birth",59.3,FALSE
2015,"Slovenia","Year","Total","Healthy life years in absolute value at birth",58.1,FALSE
2015,"Slovenia","Year","Males","Healthy life years in absolute value at birth",58.5,FALSE
2015,"Slovenia","Year","Females","Healthy life years in absolute value at birth",57.7,FALSE
2015,"Slovakia","Year","Total","Healthy life years in absolute value at birth",54.9,FALSE
2015,"Slovakia","Year","Males","Healthy life years in absolute value at birth",54.8,FALSE
2015,"Slovakia","Year","Females","Healthy life years in absolute value at birth",55.1,FALSE
2015,"Finland","Year","Total","Healthy life years in absolute value at birth",57.8,FALSE
2015,"Finland","Year","Males","Healthy life years in absolute value at birth",59.4,FALSE
2015,"Finland","Year","Females","Healthy life years in absolute value at birth",56.3,FALSE
2015,"Sweden","Year","Total","Healthy life years in absolute value at birth",72.7,FALSE
2015,"Sweden","Year","Males","Healthy life years in absolute value at birth",73.1,FALSE
2015,"Sweden","Year","Females","Healthy life years in absolute value at birth",72.2,FALSE
2015,"Iceland","Year","Total","Healthy life years in absolute value at birth",68.9,FALSE
2015,"Iceland","Year","Males","Healthy life years in absolute value at birth",71.5,FALSE
2015,"Iceland","Year","Females","Healthy life years in absolute value at birth",66.2,FALSE
2015,"Norway","Year","Total","Healthy life years in absolute value at birth",70.4,FALSE
2015,"Norway","Year","Males","Healthy life years in absolute value at birth",71.8,FALSE
2015,"Norway","Year","Females","Healthy life years in absolute value at birth",68.9,FALSE
2015,"Switzerland","Year","Total","Healthy life years in absolute value at birth",59.4,FALSE
2015,"Switzerland","Year","Males","Healthy life years in absolute value at birth",61.1,FALSE
2015,"Switzerland","Year","Females","Healthy life years in absolute value at birth",57.8,FALSE
2015,"United Kingdom","Year","Total","Healthy life years in absolute value at birth",63.5,FALSE
2015,"United Kingdom","Year","Males","Healthy life years in absolute value at birth",63.7,FALSE
2015,"United Kingdom","Year","Females","Healthy life years in absolute value at birth",63.3,FALSE
2016,"European Union - 27 countries (from 2020)","Year","Total","Healthy life years in absolute value at birth",64,FALSE
2016,"European Union - 27 countries (from 2020)","Year","Males","Healthy life years in absolute value at birth",63.6,FALSE
2016,"European Union - 27 countries (from 2020)","Year","Females","Healthy life years in absolute value at birth",64.4,FALSE
2016,"European Union - 28 countries (2013-2020)","Year","Total","Healthy life years in absolute value at birth",63.8,FALSE
2016,"European Union - 28 countries (2013-2020)","Year","Males","Healthy life years in absolute value at birth",63.5,FALSE
2016,"European Union - 28 countries (2013-2020)","Year","Females","Healthy life years in absolute value at birth",64.2,FALSE
2016,"Belgium","Year","Total","Healthy life years in absolute value at birth",63.7,FALSE
2016,"Belgium","Year","Males","Healthy life years in absolute value at birth",63.6,FALSE
2016,"Belgium","Year","Females","Healthy life years in absolute value at birth",63.7,FALSE
2016,"Bulgaria","Year","Total","Healthy life years in absolute value at birth",65.7,FALSE
2016,"Bulgaria","Year","Males","Healthy life years in absolute value at birth",64,FALSE
2016,"Bulgaria","Year","Females","Healthy life years in absolute value at birth",67.5,FALSE
2016,"Czechia","Year","Total","Healthy life years in absolute value at birth",63.3,FALSE
2016,"Czechia","Year","Males","Healthy life years in absolute value at birth",62.7,FALSE
2016,"Czechia","Year","Females","Healthy life years in absolute value at birth",64,FALSE
2016,"Denmark","Year","Total","Healthy life years in absolute value at birth",60.3,FALSE
2016,"Denmark","Year","Males","Healthy life years in absolute value at birth",60.3,FALSE
2016,"Denmark","Year","Females","Healthy life years in absolute value at birth",60.3,FALSE
2016,"Germany (until 1990 former territory of the FRG)","Year","Total","Healthy life years in absolute value at birth",66.4,FALSE
2016,"Germany (until 1990 former territory of the FRG)","Year","Males","Healthy life years in absolute value at birth",65.3,FALSE
2016,"Germany (until 1990 former territory of the FRG)","Year","Females","Healthy life years in absolute value at birth",67.3,FALSE
2016,"Estonia","Year","Total","Healthy life years in absolute value at birth",56.8,FALSE
2016,"Estonia","Year","Males","Healthy life years in absolute value at birth",54.4,FALSE
2016,"Estonia","Year","Females","Healthy life years in absolute value at birth",59,FALSE
2016,"Ireland","Year","Total","Healthy life years in absolute value at birth",68.5,FALSE
2016,"Ireland","Year","Males","Healthy life years in absolute value at birth",67.2,FALSE
2016,"Ireland","Year","Females","Healthy life years in absolute value at birth",69.8,FALSE
2016,"Greece","Year","Total","Healthy life years in absolute value at birth",64.3,FALSE
2016,"Greece","Year","Males","Healthy life years in absolute value at birth",63.8,FALSE
2016,"Greece","Year","Females","Healthy life years in absolute value at birth",64.7,FALSE
2016,"Spain","Year","Total","Healthy life years in absolute value at birth",66.2,FALSE
2016,"Spain","Year","Males","Healthy life years in absolute value at birth",65.9,FALSE
2016,"Spain","Year","Females","Healthy life years in absolute value at birth",66.5,FALSE
2016,"France","Year","Total","Healthy life years in absolute value at birth",63.4,FALSE
2016,"France","Year","Males","Healthy life years in absolute value at birth",62.6,FALSE
2016,"France","Year","Females","Healthy life years in absolute value at birth",64.1,FALSE
2016,"Croatia","Year","Total","Healthy life years in absolute value at birth",57.9,FALSE
2016,"Croatia","Year","Males","Healthy life years in absolute value at birth",57.1,FALSE
2016,"Croatia","Year","Females","Healthy life years in absolute value at birth",58.7,FALSE
2016,"Italy","Year","Total","Healthy life years in absolute value at birth",67.4,FALSE
2016,"Italy","Year","Males","Healthy life years in absolute value at birth",67.6,FALSE
2016,"Italy","Year","Females","Healthy life years in absolute value at birth",67.2,FALSE
2016,"Cyprus","Year","Total","Healthy life years in absolute value at birth",68.2,FALSE
2016,"Cyprus","Year","Males","Healthy life years in absolute value at birth",67.5,FALSE
2016,"Cyprus","Year","Females","Healthy life years in absolute value at birth",68.8,FALSE
2016,"Latvia","Year","Total","Healthy life years in absolute value at birth",53.6,FALSE
2016,"Latvia","Year","Males","Healthy life years in absolute value at birth",52.3,FALSE
2016,"Latvia","Year","Females","Healthy life years in absolute value at birth",54.9,FALSE
2016,"Lithuania","Year","Total","Healthy life years in absolute value at birth",57.8,FALSE
2016,"Lithuania","Year","Males","Healthy life years in absolute value at birth",56.2,FALSE
2016,"Lithuania","Year","Females","Healthy life years in absolute value at birth",59.4,FALSE
2016,"Luxembourg","Year","Total","Healthy life years in absolute value at birth",60.2,FALSE
2016,"Luxembourg","Year","Males","Healthy life years in absolute value at birth",61.4,FALSE
2016,"Luxembourg","Year","Females","Healthy life years in absolute value at birth",58.9,FALSE
2016,"Hungary","Year","Total","Healthy life years in absolute value at birth",59.8,FALSE
2016,"Hungary","Year","Males","Healthy life years in absolute value at birth",59.5,FALSE
2016,"Hungary","Year","Females","Healthy life years in absolute value at birth",60.2,FALSE
2016,"Malta","Year","Total","Healthy life years in absolute value at birth",71.7,FALSE
2016,"Malta","Year","Males","Healthy life years in absolute value at birth",71.1,FALSE
2016,"Malta","Year","Females","Healthy life years in absolute value at birth",72.4,FALSE
2016,"Netherlands","Year","Total","Healthy life years in absolute value at birth",60.3,FALSE
2016,"Netherlands","Year","Males","Healthy life years in absolute value at birth",62.8,FALSE
2016,"Netherlands","Year","Females","Healthy life years in absolute value at birth",57.8,FALSE
2016,"Austria","Year","Total","Healthy life years in absolute value at birth",57,FALSE
2016,"Austria","Year","Males","Healthy life years in absolute value at birth",57,FALSE
2016,"Austria","Year","Females","Healthy life years in absolute value at birth",57.1,FALSE
2016,"Poland","Year","Total","Healthy life years in absolute value at birth",62.9,FALSE
2016,"Poland","Year","Males","Healthy life years in absolute value at birth",61.3,FALSE
2016,"Poland","Year","Females","Healthy life years in absolute value at birth",64.6,FALSE
2016,"Portugal","Year","Total","Healthy life years in absolute value at birth",58.6,FALSE
2016,"Portugal","Year","Males","Healthy life years in absolute value at birth",59.9,FALSE
2016,"Portugal","Year","Females","Healthy life years in absolute value at birth",57.4,FALSE
2016,"Romania","Year","Total","Healthy life years in absolute value at birth",59.4,FALSE
2016,"Romania","Year","Males","Healthy life years in absolute value at birth",59.8,FALSE
2016,"Romania","Year","Females","Healthy life years in absolute value at birth",59,FALSE
2016,"Slovenia","Year","Total","Healthy life years in absolute value at birth",58.3,FALSE
2016,"Slovenia","Year","Males","Healthy life years in absolute value at birth",58.7,FALSE
2016,"Slovenia","Year","Females","Healthy life years in absolute value at birth",57.9,FALSE
2016,"Slovakia","Year","Total","Healthy life years in absolute value at birth",56.7,FALSE
2016,"Slovakia","Year","Males","Healthy life years in absolute value at birth",56.4,FALSE
2016,"Slovakia","Year","Females","Healthy life years in absolute value at birth",57,FALSE
2016,"Finland","Year","Total","Healthy life years in absolute value at birth",58.1,FALSE
2016,"Finland","Year","Males","Healthy life years in absolute value at birth",59.1,FALSE
2016,"Finland","Year","Females","Healthy life years in absolute value at birth",57,FALSE
2016,"Sweden","Year","Total","Healthy life years in absolute value at birth",73.2,FALSE
2016,"Sweden","Year","Males","Healthy life years in absolute value at birth",73,FALSE
2016,"Sweden","Year","Females","Healthy life years in absolute value at birth",73.3,FALSE
2016,"Iceland","Year","Total","Healthy life years in absolute value at birth",66.7,FALSE
2016,"Iceland","Year","Males","Healthy life years in absolute value at birth",69.6,FALSE
2016,"Iceland","Year","Females","Healthy life years in absolute value at birth",63.7,FALSE
2016,"Norway","Year","Total","Healthy life years in absolute value at birth",69.9,FALSE
2016,"Norway","Year","Males","Healthy life years in absolute value at birth",72,FALSE
2016,"Norway","Year","Females","Healthy life years in absolute value at birth",67.8,FALSE
2016,"Switzerland","Year","Total","Healthy life years in absolute value at birth",59.4,FALSE
2016,"Switzerland","Year","Males","Healthy life years in absolute value at birth",61,FALSE
2016,"Switzerland","Year","Females","Healthy life years in absolute value at birth",57.7,FALSE
2016,"United Kingdom","Year","Total","Healthy life years in absolute value at birth",63.1,FALSE
2016,"United Kingdom","Year","Males","Healthy life years in absolute value at birth",63,FALSE
2016,"United Kingdom","Year","Females","Healthy life years in absolute value at birth",63.1,FALSE
2017,"European Union - 27 countries (from 2020)","Year","Total","Healthy life years in absolute value at birth",63.9,FALSE
2017,"European Union - 27 countries (from 2020)","Year","Males","Healthy life years in absolute value at birth",63.5,FALSE
2017,"European Union - 27 countries (from 2020)","Year","Females","Healthy life years in absolute value at birth",64.3,FALSE
2017,"European Union - 28 countries (2013-2020)","Year","Total","Healthy life years in absolute value at birth",63.7,FALSE
2017,"European Union - 28 countries (2013-2020)","Year","Males","Healthy life years in absolute value at birth",63.5,FALSE
2017,"European Union - 28 countries (2013-2020)","Year","Females","Healthy life years in absolute value at birth",63.9,FALSE
2017,"Belgium","Year","Total","Healthy life years in absolute value at birth",63.7,FALSE
2017,"Belgium","Year","Males","Healthy life years in absolute value at birth",63.3,FALSE
2017,"Belgium","Year","Females","Healthy life years in absolute value at birth",64,FALSE
2017,"Bulgaria","Year","Total","Healthy life years in absolute value at birth",64.5,FALSE
2017,"Bulgaria","Year","Males","Healthy life years in absolute value at birth",62.9,FALSE
2017,"Bulgaria","Year","Females","Healthy life years in absolute value at birth",66.2,FALSE
2017,"Czechia","Year","Total","Healthy life years in absolute value at birth",61.4,FALSE
2017,"Czechia","Year","Males","Healthy life years in absolute value at birth",60.6,FALSE
2017,"Czechia","Year","Females","Healthy life years in absolute value at birth",62.4,FALSE
2017,"Denmark","Year","Total","Healthy life years in absolute value at birth",59.7,FALSE
2017,"Denmark","Year","Males","Healthy life years in absolute value at birth",59.8,FALSE
2017,"Denmark","Year","Females","Healthy life years in absolute value at birth",59.7,FALSE
2017,"Germany (until 1990 former territory of the FRG)","Year","Total","Healthy life years in absolute value at birth",66,FALSE
2017,"Germany (until 1990 former territory of the FRG)","Year","Males","Healthy life years in absolute value at birth",65.1,FALSE
2017,"Germany (until 1990 former territory of the FRG)","Year","Females","Healthy life years in absolute value at birth",66.7,FALSE
2017,"Estonia","Year","Total","Healthy life years in absolute value at birth",56,FALSE
2017,"Estonia","Year","Males","Healthy life years in absolute value at birth",54.7,FALSE
2017,"Estonia","Year","Females","Healthy life years in absolute value at birth",57.2,FALSE
2017,"Ireland","Year","Total","Healthy life years in absolute value at birth",68.6,FALSE
2017,"Ireland","Year","Males","Healthy life years in absolute value at birth",67.9,FALSE
2017,"Ireland","Year","Females","Healthy life years in absolute value at birth",69.3,FALSE
2017,"Greece","Year","Total","Healthy life years in absolute value at birth",64.8,FALSE
2017,"Greece","Year","Males","Healthy life years in absolute value at birth",64.4,FALSE
2017,"Greece","Year","Females","Healthy life years in absolute value at birth",65.1,FALSE
2017,"Spain","Year","Total","Healthy life years in absolute value at birth",69.4,FALSE
2017,"Spain","Year","Males","Healthy life years in absolute value at birth",69,FALSE
2017,"Spain","Year","Females","Healthy life years in absolute value at birth",69.9,FALSE
2017,"France","Year","Total","Healthy life years in absolute value at birth",63.7,FALSE
2017,"France","Year","Males","Healthy life years in absolute value at birth",62.5,FALSE
2017,"France","Year","Females","Healthy life years in absolute value at birth",64.9,FALSE
2017,"Croatia","Year","Total","Healthy life years in absolute value at birth",57.6,FALSE
2017,"Croatia","Year","Males","Healthy life years in absolute value at birth",57.3,FALSE
2017,"Croatia","Year","Females","Healthy life years in absolute value at birth",58,FALSE
2017,"Italy","Year","Total","Healthy life years in absolute value at birth",66.3,FALSE
2017,"Italy","Year","Males","Healthy life years in absolute value at birth",66.2,FALSE
2017,"Italy","Year","Females","Healthy life years in absolute value at birth",66.4,FALSE
2017,"Cyprus","Year","Total","Healthy life years in absolute value at birth",65.2,FALSE
2017,"Cyprus","Year","Males","Healthy life years in absolute value at birth",64.7,FALSE
2017,"Cyprus","Year","Females","Healthy life years in absolute value at birth",65.8,FALSE
2017,"Latvia","Year","Total","Healthy life years in absolute value at birth",51.4,FALSE
2017,"Latvia","Year","Males","Healthy life years in absolute value at birth",50.6,FALSE
2017,"Latvia","Year","Females","Healthy life years in absolute value at birth",52.2,FALSE
2017,"Lithuania","Year","Total","Healthy life years in absolute value at birth",58.1,FALSE
2017,"Lithuania","Year","Males","Healthy life years in absolute value at birth",56.4,FALSE
2017,"Lithuania","Year","Females","Healthy life years in absolute value at birth",59.8,FALSE
2017,"Luxembourg","Year","Total","Healthy life years in absolute value at birth",59.2,FALSE
2017,"Luxembourg","Year","Males","Healthy life years in absolute value at birth",60.1,FALSE
2017,"Luxembourg","Year","Females","Healthy life years in absolute value at birth",58.1,FALSE
2017,"Hungary","Year","Total","Healthy life years in absolute value at birth",60.2,FALSE
2017,"Hungary","Year","Males","Healthy life years in absolute value at birth",59.6,FALSE
2017,"Hungary","Year","Females","Healthy life years in absolute value at birth",60.8,FALSE
2017,"Malta","Year","Total","Healthy life years in absolute value at birth",72.7,FALSE
2017,"Malta","Year","Males","Healthy life years in absolute value at birth",71.9,FALSE
2017,"Malta","Year","Females","Healthy life years in absolute value at birth",73.4,FALSE
2017,"Netherlands","Year","Total","Healthy life years in absolute value at birth",60,FALSE
2017,"Netherlands","Year","Males","Healthy life years in absolute value at birth",62.3,FALSE
2017,"Netherlands","Year","Females","Healthy life years in absolute value at birth",57.6,FALSE
2017,"Austria","Year","Total","Healthy life years in absolute value at birth",57.1,FALSE
2017,"Austria","Year","Males","Healthy life years in absolute value at birth",57.4,FALSE
2017,"Austria","Year","Females","Healthy life years in absolute value at birth",56.8,FALSE
2017,"Poland","Year","Total","Healthy life years in absolute value at birth",62,FALSE
2017,"Poland","Year","Males","Healthy life years in absolute value at birth",60.6,FALSE
2017,"Poland","Year","Females","Healthy life years in absolute value at birth",63.5,FALSE
2017,"Portugal","Year","Total","Healthy life years in absolute value at birth",58.5,FALSE
2017,"Portugal","Year","Males","Healthy life years in absolute value at birth",60.1,FALSE
2017,"Portugal","Year","Females","Healthy life years in absolute value at birth",57,FALSE
2017,"Romania","Year","Total","Healthy life years in absolute value at birth",58.7,FALSE
2017,"Romania","Year","Males","Healthy life years in absolute value at birth",59.1,FALSE
2017,"Romania","Year","Females","Healthy life years in absolute value at birth",58.3,FALSE
2017,"Slovenia","Year","Total","Healthy life years in absolute value at birth",55,FALSE
2017,"Slovenia","Year","Males","Healthy life years in absolute value at birth",55.3,FALSE
2017,"Slovenia","Year","Females","Healthy life years in absolute value at birth",54.6,FALSE
2017,"Slovakia","Year","Total","Healthy life years in absolute value at birth",55.6,FALSE
2017,"Slovakia","Year","Males","Healthy life years in absolute value at birth",55.6,FALSE
2017,"Slovakia","Year","Females","Healthy life years in absolute value at birth",55.6,FALSE
2017,"Finland","Year","Total","Healthy life years in absolute value at birth",57.4,FALSE
2017,"Finland","Year","Males","Healthy life years in absolute value at birth",58.3,FALSE
2017,"Finland","Year","Females","Healthy life years in absolute value at birth",56.4,FALSE
2017,"Sweden","Year","Total","Healthy life years in absolute value at birth",72.6,FALSE
2017,"Sweden","Year","Males","Healthy life years in absolute value at birth",73.2,FALSE
2017,"Sweden","Year","Females","Healthy life years in absolute value at birth",71.9,FALSE
2017,"Iceland","Year","Total","Healthy life years in absolute value at birth",63.1,FALSE
2017,"Iceland","Year","Males","Healthy life years in absolute value at birth",65.9,FALSE
2017,"Iceland","Year","Females","Healthy life years in absolute value at birth",60.6,FALSE
2017,"Norway","Year","Total","Healthy life years in absolute value at birth",70.9,FALSE
2017,"Norway","Year","Males","Healthy life years in absolute value at birth",71.8,FALSE
2017,"Norway","Year","Females","Healthy life years in absolute value at birth",70,FALSE
2017,"Switzerland","Year","Total","Healthy life years in absolute value at birth",60.6,FALSE
2017,"Switzerland","Year","Males","Healthy life years in absolute value at birth",61.8,FALSE
2017,"Switzerland","Year","Females","Healthy life years in absolute value at birth",59.4,FALSE
2017,"United Kingdom","Year","Total","Healthy life years in absolute value at birth",62.7,FALSE
2017,"United Kingdom","Year","Males","Healthy life years in absolute value at birth",63.3,FALSE
2017,"United Kingdom","Year","Females","Healthy life years in absolute value at birth",62,FALSE
2018,"European Union - 27 countries (from 2020)","Year","Total","Healthy life years in absolute value at birth",64,FALSE
2018,"European Union - 27 countries (from 2020)","Year","Males","Healthy life years in absolute value at birth",63.7,FALSE
2018,"European Union - 27 countries (from 2020)","Year","Females","Healthy life years in absolute value at birth",64.2,FALSE
2018,"European Union - 28 countries (2013-2020)","Year","Total","Healthy life years in absolute value at birth",63.6,FALSE
2018,"European Union - 28 countries (2013-2020)","Year","Males","Healthy life years in absolute value at birth",63.4,FALSE
2018,"European Union - 28 countries (2013-2020)","Year","Females","Healthy life years in absolute value at birth",63.8,FALSE
2018,"Belgium","Year","Total","Healthy life years in absolute value at birth",63.4,FALSE
2018,"Belgium","Year","Males","Healthy life years in absolute value at birth",63.2,FALSE
2018,"Belgium","Year","Females","Healthy life years in absolute value at birth",63.7,FALSE
2018,"Bulgaria","Year","Total","Healthy life years in absolute value at birth",65.8,FALSE
2018,"Bulgaria","Year","Males","Healthy life years in absolute value at birth",64,FALSE
2018,"Bulgaria","Year","Females","Healthy life years in absolute value at birth",67.6,FALSE
2018,"Czechia","Year","Total","Healthy life years in absolute value at birth",62.7,FALSE
2018,"Czechia","Year","Males","Healthy life years in absolute value at birth",62.2,FALSE
2018,"Czechia","Year","Females","Healthy life years in absolute value at birth",63.4,FALSE
2018,"Denmark","Year","Total","Healthy life years in absolute value at birth",60.9,FALSE
2018,"Denmark","Year","Males","Healthy life years in absolute value at birth",62.5,FALSE
2018,"Denmark","Year","Females","Healthy life years in absolute value at birth",59.1,FALSE
2018,"Germany (until 1990 former territory of the FRG)","Year","Total","Healthy life years in absolute value at birth",65.8,FALSE
2018,"Germany (until 1990 former territory of the FRG)","Year","Males","Healthy life years in absolute value at birth",65.1,FALSE
2018,"Germany (until 1990 former territory of the FRG)","Year","Females","Healthy life years in absolute value at birth",66.3,FALSE
2018,"Estonia","Year","Total","Healthy life years in absolute value at birth",53.9,FALSE
2018,"Estonia","Year","Males","Healthy life years in absolute value at birth",52.7,FALSE
2018,"Estonia","Year","Females","Healthy life years in absolute value at birth",55,FALSE
2018,"Ireland","Year","Total","Healthy life years in absolute value at birth",69.4,FALSE
2018,"Ireland","Year","Males","Healthy life years in absolute value at birth",68.3,FALSE
2018,"Ireland","Year","Females","Healthy life years in absolute value at birth",70.4,FALSE
2018,"Greece","Year","Total","Healthy life years in absolute value at birth",65.4,FALSE
2018,"Greece","Year","Males","Healthy life years in absolute value at birth",65,FALSE
2018,"Greece","Year","Females","Healthy life years in absolute value at birth",65.9,FALSE
2018,"Spain","Year","Total","Healthy life years in absolute value at birth",68,FALSE
2018,"Spain","Year","Males","Healthy life years in absolute value at birth",68,FALSE
2018,"Spain","Year","Females","Healthy life years in absolute value at birth",68,FALSE
2018,"France","Year","Total","Healthy life years in absolute value at birth",63.9,FALSE
2018,"France","Year","Males","Healthy life years in absolute value at birth",63.4,FALSE
2018,"France","Year","Females","Healthy life years in absolute value at birth",64.5,FALSE
2018,"Croatia","Year","Total","Healthy life years in absolute value at birth",57.5,FALSE
2018,"Croatia","Year","Males","Healthy life years in absolute value at birth",56.5,FALSE
2018,"Croatia","Year","Females","Healthy life years in absolute value at birth",58.5,FALSE
2018,"Italy","Year","Total","Healthy life years in absolute value at birth",66.8,FALSE
2018,"Italy","Year","Males","Healthy life years in absolute value at birth",66.8,FALSE
2018,"Italy","Year","Females","Healthy life years in absolute value at birth",66.9,FALSE
2018,"Cyprus","Year","Total","Healthy life years in absolute value at birth",62.2,FALSE
2018,"Cyprus","Year","Males","Healthy life years in absolute value at birth",62,FALSE
2018,"Cyprus","Year","Females","Healthy life years in absolute value at birth",62.4,FALSE
2018,"Latvia","Year","Total","Healthy life years in absolute value at birth",52.3,FALSE
2018,"Latvia","Year","Males","Healthy life years in absolute value at birth",51,FALSE
2018,"Latvia","Year","Females","Healthy life years in absolute value at birth",53.7,FALSE
2018,"Lithuania","Year","Total","Healthy life years in absolute value at birth",57.7,FALSE
2018,"Lithuania","Year","Males","Healthy life years in absolute value at birth",56.3,FALSE
2018,"Lithuania","Year","Females","Healthy life years in absolute value at birth",59.1,FALSE
2018,"Luxembourg","Year","Total","Healthy life years in absolute value at birth",60.7,FALSE
2018,"Luxembourg","Year","Males","Healthy life years in absolute value at birth",61.4,FALSE
2018,"Luxembourg","Year","Females","Healthy life years in absolute value at birth",59.8,FALSE
2018,"Hungary","Year","Total","Healthy life years in absolute value at birth",61.1,FALSE
2018,"Hungary","Year","Males","Healthy life years in absolute value at birth",60.4,FALSE
2018,"Hungary","Year","Females","Healthy life years in absolute value at birth",61.8,FALSE
2018,"Malta","Year","Total","Healthy life years in absolute value at birth",72.7,FALSE
2018,"Malta","Year","Males","Healthy life years in absolute value at birth",71.9,FALSE
2018,"Malta","Year","Females","Healthy life years in absolute value at birth",73.4,FALSE
2018,"Netherlands","Year","Total","Healthy life years in absolute value at birth",59.2,FALSE
2018,"Netherlands","Year","Males","Healthy life years in absolute value at birth",61.1,FALSE
2018,"Netherlands","Year","Females","Healthy life years in absolute value at birth",57.2,FALSE
2018,"Austria","Year","Total","Healthy life years in absolute value at birth",56.9,FALSE
2018,"Austria","Year","Males","Healthy life years in absolute value at birth",56.8,FALSE
2018,"Austria","Year","Females","Healthy life years in absolute value at birth",57,FALSE
2018,"Poland","Year","Total","Healthy life years in absolute value at birth",62.4,FALSE
2018,"Poland","Year","Males","Healthy life years in absolute value at birth",60.5,FALSE
2018,"Poland","Year","Females","Healthy life years in absolute value at birth",64.3,FALSE
2018,"Portugal","Year","Total","Healthy life years in absolute value at birth",58.6,FALSE
2018,"Portugal","Year","Males","Healthy life years in absolute value at birth",59.8,FALSE
2018,"Portugal","Year","Females","Healthy life years in absolute value at birth",57.5,FALSE
2018,"Romania","Year","Total","Healthy life years in absolute value at birth",59.4,FALSE
2018,"Romania","Year","Males","Healthy life years in absolute value at birth",59.2,FALSE
2018,"Romania","Year","Females","Healthy life years in absolute value at birth",59.6,FALSE
2018,"Slovenia","Year","Total","Healthy life years in absolute value at birth",55.5,FALSE
2018,"Slovenia","Year","Males","Healthy life years in absolute value at birth",56.3,FALSE
2018,"Slovenia","Year","Females","Healthy life years in absolute value at birth",54.6,FALSE
2018,"Slovakia","Year","Total","Healthy life years in absolute value at birth",56.1,FALSE
2018,"Slovakia","Year","Males","Healthy life years in absolute value at birth",55.5,FALSE
2018,"Slovakia","Year","Females","Healthy life years in absolute value at birth",56.6,FALSE
2018,"Finland","Year","Total","Healthy life years in absolute value at birth",57.4,FALSE
2018,"Finland","Year","Males","Healthy life years in absolute value at birth",58.8,FALSE
2018,"Finland","Year","Females","Healthy life years in absolute value at birth",55.7,FALSE
2018,"Sweden","Year","Total","Healthy life years in absolute value at birth",72.8,FALSE
2018,"Sweden","Year","Males","Healthy life years in absolute value at birth",73.7,FALSE
2018,"Sweden","Year","Females","Healthy life years in absolute value at birth",72,FALSE
2018,"Iceland","Year","Total","Healthy life years in absolute value at birth",62.4,FALSE
2018,"Iceland","Year","Males","Healthy life years in absolute value at birth",65.7,FALSE
2018,"Iceland","Year","Females","Healthy life years in absolute value at birth",59,FALSE
2018,"Norway","Year","Total","Healthy life years in absolute value at birth",70.4,FALSE
2018,"Norway","Year","Males","Healthy life years in absolute value at birth",71.7,FALSE
2018,"Norway","Year","Females","Healthy life years in absolute value at birth",69.1,FALSE
2018,"Switzerland","Year","Total","Healthy life years in absolute value at birth",60.5,FALSE
2018,"Switzerland","Year","Males","Healthy life years in absolute value at birth",61.5,FALSE
2018,"Switzerland","Year","Females","Healthy life years in absolute value at birth",59.5,FALSE
2018,"United Kingdom","Year","Total","Healthy life years in absolute value at birth",61.2,FALSE
2018,"United Kingdom","Year","Males","Healthy life years in absolute value at birth",61.5,FALSE
2018,"United Kingdom","Year","Females","Healthy life years in absolute value at birth",60.8,FALSE
2019,"European Union - 27 countries (from 2020)","Year","Total","Healthy life years in absolute value at birth",64.6,FALSE
2019,"European Union - 27 countries (from 2020)","Year","Males","Healthy life years in absolute value at birth",64.2,FALSE
2019,"European Union - 27 countries (from 2020)","Year","Females","Healthy life years in absolute value at birth",65.1,FALSE
2019,"European Union - 28 countries (2013-2020)","Year","Total","Healthy life years in absolute value at birth",63.7,TRUE
2019,"European Union - 28 countries (2013-2020)","Year","Males","Healthy life years in absolute value at birth",63.5,TRUE
2019,"European Union - 28 countries (2013-2020)","Year","Females","Healthy life years in absolute value at birth",63.9,TRUE
2019,"Belgium","Year","Total","Healthy life years in absolute value at birth",62.4,FALSE
2019,"Belgium","Year","Males","Healthy life years in absolute value at birth",62.1,FALSE
2019,"Belgium","Year","Females","Healthy life years in absolute value at birth",62.8,FALSE
2019,"Bulgaria","Year","Total","Healthy life years in absolute value at birth",66.3,FALSE
2019,"Bulgaria","Year","Males","Healthy life years in absolute value at birth",64.4,FALSE
2019,"Bulgaria","Year","Females","Healthy life years in absolute value at birth",68.4,FALSE
2019,"Czechia","Year","Total","Healthy life years in absolute value at birth",62,FALSE
2019,"Czechia","Year","Males","Healthy life years in absolute value at birth",61.7,FALSE
2019,"Czechia","Year","Females","Healthy life years in absolute value at birth",62.6,FALSE
2019,"Denmark","Year","Total","Healthy life years in absolute value at birth",58.9,FALSE
2019,"Denmark","Year","Males","Healthy life years in absolute value at birth",59,FALSE
2019,"Denmark","Year","Females","Healthy life years in absolute value at birth",58.8,FALSE
2019,"Germany (until 1990 former territory of the FRG)","Year","Total","Healthy life years in absolute value at birth",66.3,FALSE
2019,"Germany (until 1990 former territory of the FRG)","Year","Males","Healthy life years in absolute value at birth",65.4,FALSE
2019,"Germany (until 1990 former territory of the FRG)","Year","Females","Healthy life years in absolute value at birth",67.1,FALSE
2019,"Estonia","Year","Total","Healthy life years in absolute value at birth",55.8,FALSE
2019,"Estonia","Year","Males","Healthy life years in absolute value at birth",53.9,FALSE
2019,"Estonia","Year","Females","Healthy life years in absolute value at birth",57.7,FALSE
2019,"Ireland","Year","Total","Healthy life years in absolute value at birth",69.6,FALSE
2019,"Ireland","Year","Males","Healthy life years in absolute value at birth",68.6,FALSE
2019,"Ireland","Year","Females","Healthy life years in absolute value at birth",70.5,FALSE
2019,"Greece","Year","Total","Healthy life years in absolute value at birth",66,FALSE
2019,"Greece","Year","Males","Healthy life years in absolute value at birth",65.6,FALSE
2019,"Greece","Year","Females","Healthy life years in absolute value at birth",66.4,FALSE
2019,"Spain","Year","Total","Healthy life years in absolute value at birth",69.9,FALSE
2019,"Spain","Year","Males","Healthy life years in absolute value at birth",69.4,FALSE
2019,"Spain","Year","Females","Healthy life years in absolute value at birth",70.4,FALSE
2019,"France","Year","Total","Healthy life years in absolute value at birth",64.1,FALSE
2019,"France","Year","Males","Healthy life years in absolute value at birth",63.7,FALSE
2019,"France","Year","Females","Healthy life years in absolute value at birth",64.6,FALSE
2019,"Croatia","Year","Total","Healthy life years in absolute value at birth",57.4,FALSE
2019,"Croatia","Year","Males","Healthy life years in absolute value at birth",56.4,FALSE
2019,"Croatia","Year","Females","Healthy life years in absolute value at birth",58.5,FALSE
2019,"Italy","Year","Total","Healthy life years in absolute value at birth",68.3,FALSE
2019,"Italy","Year","Males","Healthy life years in absolute value at birth",68.1,FALSE
2019,"Italy","Year","Females","Healthy life years in absolute value at birth",68.6,FALSE
2019,"Cyprus","Year","Total","Healthy life years in absolute value at birth",62.5,FALSE
2019,"Cyprus","Year","Males","Healthy life years in absolute value at birth",62.1,FALSE
2019,"Cyprus","Year","Females","Healthy life years in absolute value at birth",63,FALSE
2019,"Latvia","Year","Total","Healthy life years in absolute value at birth",53.1,FALSE
2019,"Latvia","Year","Males","Healthy life years in absolute value at birth",52.2,FALSE
2019,"Latvia","Year","Females","Healthy life years in absolute value at birth",54.1,FALSE
2019,"Lithuania","Year","Total","Healthy life years in absolute value at birth",57.5,FALSE
2019,"Lithuania","Year","Males","Healthy life years in absolute value at birth",56,FALSE
2019,"Lithuania","Year","Females","Healthy life years in absolute value at birth",59.1,FALSE
2019,"Luxembourg","Year","Total","Healthy life years in absolute value at birth",62.6,FALSE
2019,"Luxembourg","Year","Males","Healthy life years in absolute value at birth",63.2,FALSE
2019,"Luxembourg","Year","Females","Healthy life years in absolute value at birth",61.9,FALSE
2019,"Hungary","Year","Total","Healthy life years in absolute value at birth",61.7,FALSE
2019,"Hungary","Year","Males","Healthy life years in absolute value at birth",60.7,FALSE
2019,"Hungary","Year","Females","Healthy life years in absolute value at birth",62.8,FALSE
2019,"Malta","Year","Total","Healthy life years in absolute value at birth",73.2,FALSE
2019,"Malta","Year","Males","Healthy life years in absolute value at birth",72.9,FALSE
2019,"Malta","Year","Females","Healthy life years in absolute value at birth",73.5,FALSE
2019,"Netherlands","Year","Total","Healthy life years in absolute value at birth",61,FALSE
2019,"Netherlands","Year","Males","Healthy life years in absolute value at birth",62.5,FALSE
2019,"Netherlands","Year","Females","Healthy life years in absolute value at birth",59.4,FALSE
2019,"Austria","Year","Total","Healthy life years in absolute value at birth",57.3,FALSE
2019,"Austria","Year","Males","Healthy life years in absolute value at birth",56.7,FALSE
2019,"Austria","Year","Females","Healthy life years in absolute value at birth",58,FALSE
2019,"Poland","Year","Total","Healthy life years in absolute value at birth",62.5,FALSE
2019,"Poland","Year","Males","Healthy life years in absolute value at birth",60.9,FALSE
2019,"Poland","Year","Females","Healthy life years in absolute value at birth",64.1,FALSE
2019,"Portugal","Year","Total","Healthy life years in absolute value at birth",59.2,FALSE
2019,"Portugal","Year","Males","Healthy life years in absolute value at birth",60.6,FALSE
2019,"Portugal","Year","Females","Healthy life years in absolute value at birth",57.8,FALSE
2019,"Romania","Year","Total","Healthy life years in absolute value at birth",60.2,FALSE
2019,"Romania","Year","Males","Healthy life years in absolute value at birth",59.9,FALSE
2019,"Romania","Year","Females","Healthy life years in absolute value at birth",60.6,FALSE
2019,"Slovenia","Year","Total","Healthy life years in absolute value at birth",60.9,FALSE
2019,"Slovenia","Year","Males","Healthy life years in absolute value at birth",60.8,FALSE
2019,"Slovenia","Year","Females","Healthy life years in absolute value at birth",61.2,FALSE
2019,"Slovakia","Year","Total","Healthy life years in absolute value at birth",56.2,FALSE
2019,"Slovakia","Year","Males","Healthy life years in absolute value at birth",56,FALSE
2019,"Slovakia","Year","Females","Healthy life years in absolute value at birth",56.3,FALSE
2019,"Finland","Year","Total","Healthy life years in absolute value at birth",56.4,FALSE
2019,"Finland","Year","Males","Healthy life years in absolute value at birth",57.7,FALSE
2019,"Finland","Year","Females","Healthy life years in absolute value at birth",54.8,FALSE
2019,"Sweden","Year","Total","Healthy life years in absolute value at birth",73.3,FALSE
2019,"Sweden","Year","Males","Healthy life years in absolute value at birth",73.8,FALSE
2019,"Sweden","Year","Females","Healthy life years in absolute value at birth",72.7,FALSE
2019,"Iceland","Year","Total","Healthy life years in absolute value at birth",63.1,TRUE
2019,"Iceland","Year","Males","Healthy life years in absolute value at birth",65.9,TRUE
2019,"Iceland","Year","Females","Healthy life years in absolute value at birth",60.6,TRUE
2019,"Norway","Year","Total","Healthy life years in absolute value at birth",69.8,FALSE
2019,"Norway","Year","Males","Healthy life years in absolute value at birth",71.2,FALSE
2019,"Norway","Year","Females","Healthy life years in absolute value at birth",68.1,FALSE
2019,"Switzerland","Year","Total","Healthy life years in absolute value at birth",60.6,FALSE
2019,"Switzerland","Year","Males","Healthy life years in absolute value at birth",61,FALSE
2019,"Switzerland","Year","Females","Healthy life years in absolute value at birth",60,FALSE
2019,"United Kingdom","Year","Total","Healthy life years in absolute value at birth",62.7,TRUE
2019,"United Kingdom","Year","Males","Healthy life years in absolute value at birth",63,TRUE
2019,"United Kingdom","Year","Females","Healthy life years in absolute value at birth",62,TRUE
